Name,Price,Availability,Brand name,Rating,Review count,Star-wise reviews,Delivery date,Sponsored tag,Feature list
Samsung Galaxy Book4 Metal Intel Core i5 13th Gen 1335U - (8 GB/512 GB SSD/Windows 11 Home) NP750XGJ-K...,"₹47,730",In Stock,Samsung,4.4,"15,581 Ratings & 1,237 Reviews",None,None,No,Intel Core i5 Processor (13th Gen) | 8 GB LPDDR4X RAM | Windows 11 Operating System | 512 GB SSD | 39.62 cm (15.6 Inch) Display | 1 Year Manufacturer Warranty for Laptop and 6 Months for In-Box Accessories
"ASUS Vivobook 15 (2025) with Office 2024 + M365 Basic*, Backlit Keyboard, Intel Core i5 13th Gen 1335U...","₹45,990",In Stock,ASUS,4.4,105 Ratings & 4 Reviews,None,None,No,"Intel Core i5 Processor (13th Gen) | 16 GB DDR4 RAM | Windows 11 Home Operating System | 512 GB SSD | 39.62 cm (15.6 Inch) Display | Microsoft Office Home 2024 (Lifetime Validity ) + Microsoft 365 Basic*(1-Year Validity), One-Month Membership of Adobe Creative Cloud All Apps, McAfee 1 year | 1 Year Onsite Warranty"
Acer Aspire 3 Intel Core i5 13th Gen 1334U - (16 GB/512 GB SSD/Windows 11 Home) A324-53 Thin and Light...,"₹45,990",In Stock,Acer,4.3,"1,359 Ratings & 86 Reviews",None,None,No,Intel Core i5 Processor (13th Gen) | 16 GB DDR4 RAM | Windows 11 Operating System | 512 GB SSD | 35.56 cm (14 Inch) Display | 1 Year Carry-in Warranty
Acer Aspire 3 Intel Celeron Dual Core - (8 GB/512 GB SSD/Windows 11 Home) A311-45 Thin and Light Lapto...,"₹23,590",In Stock,Acer,3.8,"7,961 Ratings & 696 Reviews",None,None,No,Intel Celeron Dual Core Processor | 8 GB DDR4 RAM | 64 bit Windows 11 Home Operating System | 512 GB SSD | 29.46 cm (11.6 Inch) Display | 1 Year Warranty
Samsung Galaxy Book4 Metal Intel Core i7 13th Gen 1355U - (16 GB/512 GB SSD/Windows 11 Home) NP750XGJ-...,"₹55,570",In Stock,Samsung,4.4,"4,754 Ratings & 308 Reviews",None,None,No,Intel Core i7 Processor (13th Gen) | 16 GB LPDDR4X RAM | Windows 11 Operating System | 512 GB SSD | 39.62 cm (15.6 Inch) Display | 1 Year Manufacturer Warranty for Laptop and 6 Months for In-Box Accessories
HP 15s Metal Intel Core i3 13th Gen 1315U - (8 GB/512 GB SSD/Windows 11 Home) 15-hr0005TU Thin and Lig...,"₹41,990",In Stock,HP,4.3,38 Ratings & 2 Reviews,None,None,No,Intel Core i3 Processor (13th Gen) | 8 GB DDR4 RAM | Windows 11 Home Operating System | 512 GB SSD | 39.62 cm (15.6 Inch) Display | MS Office Home 2024 + MISC PC Game Pass DA 3M | 1 Year Onsite Warranty
Lenovo Yoga 6 AMD Ryzen 7 Octa Core 7730U - (16 GB/1 TB SSD/Windows 11 Home) 13ABR8 2 in 1 Laptop,"₹59,990",In Stock,Lenovo,4.1,127 Ratings & 7 Reviews,None,None,No,AMD Ryzen 7 Octa Core Processor | 16 GB LPDDR4X RAM | Windows 11 Operating System | 1 TB SSD | 33.78 cm (13.3 Inch) Touchscreen Display | 1Yr Warranty + 1 Yr Premium Care and 1 Yr Accidental Damage Protection
Lenovo IdeaPad Slim 3 Intel Core i5 12th Gen 12450H - (16 GB/512 GB SSD/Windows 11 Home) 15IAH8 Thin a...,"₹45,990",In Stock,Lenovo,4.2,662 Ratings & 40 Reviews,None,None,No,Intel Core i5 Processor (12th Gen) | 16 GB DDR4 RAM | Windows 11 Home Operating System | 512 GB SSD | 39.62 cm (15.6 Inch) Display | 1 Year Warranty
Acer Aspire 15 AMD Ryzen 5 Hexa Core 7430U - (16 GB/512 GB SSD/Windows 11 Home) Aspire AS15-42 Thin an...,"₹38,990",In Stock,Acer,4.1,"3,310 Ratings & 325 Reviews",None,None,No,AMD Ryzen 5 Hexa Core Processor | 16 GB DDR4 RAM | Windows 11 Operating System | 512 GB SSD | 39.62 cm (15.6 Inch) Display | 1 Year Carry-in Warranty
DELL Inspiron 15 MSO'24 with Backlit Keyboard and Fingerprint Sensor Intel Core i5 13th Gen 1334U - (1...,"₹61,990",In Stock,DELL,4.2,410 Ratings & 20 Reviews,None,None,No,"Intel Core i5 Processor (13th Gen) | 16 GB DDR4 RAM | 64 bit Windows 11 Operating System | 1 TB SSD | 38.1 cm (15 Inch) Display | My Dell (Dell Power Manager,Dell Support Assist) | 1 Year Onsite Hardware Service"
Samsung Galaxy Book4 Edge Series Copilot AI-PC Full Metal Chasis Qualcomm Snapdragon X - (16 GB/512 GB...,"₹59,550",In Stock,Samsung,4.4,"2,345 Ratings & 207 Reviews",None,None,No,Qualcomm Snapdragon X Processor | 16 GB LPDDR5X RAM | 64 bit Windows 11 Operating System | 512 GB SSD | 39.62 cm (15.6 Inch) Display | MS Office Home and Student 2024 | 1 Year Manufacturer Warranty for Laptop and 6 Months for In-Box Accessories
HP Intel Core i7 13th Gen 13620H - (16 GB/512 GB SSD/Windows 11 Home) 15-fr0046TU Thin and Light Lapto...,"₹68,990",In Stock,HP,4.3,755 Ratings & 47 Reviews,None,None,No,Intel Core i7 Processor (13th Gen) | 16 GB DDR4 RAM | Windows 11 Home Operating System | 512 GB SSD | 39.62 cm (15.6 Inch) Display | 1 Year Onsite Warranty
ASUS Vivobook 15 (2025) with Office 2024 + M365 Basic* Intel Core i3 13th Gen - (8 GB/512 GB SSD/Windo...,"₹35,990",In Stock,ASUS,4.2,853 Ratings & 50 Reviews,None,None,No,Intel Core i3 Processor (13th Gen) | 8 GB DDR5 RAM | Windows 11 Home Operating System | 512 GB SSD | 39.62 cm (15.6 Inch) Display | Microsoft Office Home 2024 + Microsoft 365 Basic | 1 Year Onsite Warranty
Acer NITRO LITE 16 Intel Core i5 13th Gen 13420H - (16 GB/512 GB SSD/Windows 11 Home/6 GB Graphics/NVI...,"₹57,990",In Stock,Acer,4.5,249 Ratings & 24 Reviews,None,None,No,Intel Core i5 Processor (13th Gen) | 16 GB DDR5 RAM | 64 bit Windows 11 Home Operating System | 512 GB SSD | 40.64 cm (16 Inch) Display | 1 Year Warranty
Samsung Galaxy Book5 AI Metal Intel Core Ultra 5 225U - (16 GB/512 GB SSD/Windows 11 Home) NP750XHD Th...,"₹68,390",In Stock,Samsung,4.6,434 Ratings & 46 Reviews,None,None,No,Intel Core Ultra 5 Processor | 16 GB LPDDR5X RAM | 64 bit Windows 11 Operating System | 512 GB SSD | 39.62 cm (15.6 Inch) Display | MS Office Home and Student 2024 | 1 Year Manufacturer Warranty for Laptop and 6 Months for In-Box Accessories
ASUS Vivobook Go 15 AMD Ryzen 3 Quad Core 7320U - (8 GB/512 GB SSD/Windows 11 Home) E1504FA-NJ131WS | ...,"₹32,190",In Stock,ASUS,4.3,"1,722 Ratings & 115 Reviews",None,None,No,AMD Ryzen 3 Quad Core Processor | 8 GB LPDDR5 RAM | Windows 11 Home Operating System | 512 GB SSD | 39.62 cm (15.6 Inch) Display | Microsoft Office Home 2024 + Microsoft 365 Basic | 1 Year Onsite Warranty
HP MSO 2024 Intel Core i3 13th Gen 1315U - (16 GB/512 GB SSD/Windows 11 Home) 15-fd0574TU / 15 - fd066...,"₹42,990",In Stock,HP,4.2,"2,532 Ratings & 151 Reviews",None,None,No,Intel Core i3 Processor (13th Gen) | 16 GB DDR4 RAM | Windows 11 Home Operating System | 512 GB SSD | 39.62 cm (15.6 Inch) Display | MS Office Home 2024 + MISC PC Game Pass DA 3M | 1 Year Onsite Warranty
ASUS Vivobook Go 15 AMD Ryzen 3 Quad Core 7320U - (8 GB/512 GB SSD/Windows 11 Home) E1504FA-NJ130WS | ...,"₹32,630",In Stock,ASUS,4.3,"1,722 Ratings & 115 Reviews",None,None,No,AMD Ryzen 3 Quad Core Processor | 8 GB LPDDR5 RAM | Windows 11 Home Operating System | 512 GB SSD | 39.62 cm (15.6 Inch) Display | Microsoft Office Home 2024 + Microsoft 365 Basic | 1 Year Onsite Warranty
Lenovo IdeaPad Pro 5 Intel Core Ultra 9 285H - (32 GB/1 TB SSD/Windows 11 Home) 14IAH10 Thin and Light...,"₹1,06,990",In Stock,Lenovo,4.2,6 Ratings & 0 Reviews,None,None,No,Intel Core Ultra 9 Processor | 32 GB LPDDR5X RAM | Windows 11 Home Operating System | 1 TB SSD | 35.56 cm (14 Inch) Display | 1 Year Onsite Warranty
Acer Chromebook Intel Celeron Dual Core N4500 - (8 GB/128 GB EMMC Storage/Chrome OS) CB314-3H-C5QE/ CB...,"₹23,990",In Stock,Acer,3.8,"2,681 Ratings & 187 Reviews",None,None,No,Intel Celeron Dual Core Processor | 8 GB LPDDR4X RAM | Chrome Operating System | 39.62 cm (15.6 Inch) Display | 1 Year Onsite Warranty
DELL 15 Intel Core i5 13th Gen - (16 GB/512 GB SSD/Windows 11 Home) Vostro 3530 RPL Laptop,"₹58,990",In Stock,DELL,4.2,713 Ratings & 39 Reviews,None,None,No,"Intel Core i5 Processor (13th Gen) | 16 GB DDR4 RAM | Windows 11 Operating System | 512 GB SSD | 39.62 cm (15.6 Inch) Display | My Dell (Dell Power Manager, Dell Support Assist), Office H&S 2024 | 1 Year Onsite Hardware Service"
Lenovo IdeaPad Slim 3 Next Gen AI PC WUXGA IPS Copilot + PC Qualcomm Snapdragon X - (16 GB/512 GB SSD/...,"₹50,990",In Stock,Lenovo,4.3,595 Ratings & 58 Reviews,None,None,No,Qualcomm Snapdragon X Processor | 16 GB LPDDR5X RAM | Windows 11 Home Operating System | 512 GB SSD | 38.86 cm (15.3 Inch) Display | Office Home 2024 | 1 Year Onsite Warranty
Acer Aspire 3 Backlit AMD Ryzen 7 Octa Core 7730U - (16 GB/1 TB SSD/Windows 11 Home) A325-42 / AS15-42...,"₹45,888",In Stock,Acer,4.1,"1,657 Ratings & 125 Reviews",None,None,No,AMD Ryzen 7 Octa Core Processor | 16 GB DDR4 RAM | Windows 11 Operating System | 1 TB SSD | 39.62 cm (15.6 Inch) Display | 1 Year Carry-in Warranty
Acer Aspire 3 Backlit AMD Ryzen 7 Octa Core 7730U - (16 GB/512 GB SSD/Windows 11 Home) Aspire AS15 - 4...,"₹42,990",In Stock,Acer,4.1,"1,657 Ratings & 125 Reviews",None,None,No,AMD Ryzen 7 Octa Core Processor | 16 GB DDR4 RAM | Windows 11 Operating System | 512 GB SSD | 39.62 cm (15.6 Inch) Display | 1 Year Carry-in Warranty
HP Victus AMD Ryzen 7 Hexa Core 7445HS - (16 GB/512 GB SSD/Windows 11 Home/4 GB Graphics/NVIDIA GeForc...,"₹57,990",In Stock,HP,4.4,776 Ratings & 52 Reviews,None,None,No,AMD Ryzen 7 Hexa Core Processor | 16 GB DDR5 RAM | Windows 11 Home Operating System | 512 GB SSD | 39.62 cm (15.6 Inch) Display | MS Office Home 2024 + MISC PC Game Pass DA 3M | 1 Year Onsite Warranty
DELL 15 AMD Ryzen 5 Hexa Core 7530U - (16 GB/512 GB SSD/Windows 11 Home) 3535 Thin and Light Laptop,"₹42,990",In Stock,DELL,4.3,"2,545 Ratings & 172 Reviews",None,None,No,"AMD Ryzen 5 Hexa Core Processor | 16 GB DDR4 RAM | Windows 11 Operating System | 512 GB SSD | 39.62 cm (15.6 Inch) Display | My Dell (Dell Power Manager,Dell Support Assist) | 1 Year Onsite Warranty"
Samsung Galaxy Book4 Metal Intel Core i5 13th Gen 1335U - (8 GB/512 GB SSD/Windows 11 Home) NP750XGJ-K...,"₹47,730",In Stock,Samsung,4.4,"15,581 Ratings & 1,237 Reviews",None,None,No,Intel Core i5 Processor (13th Gen) | 8 GB LPDDR4X RAM | Windows 11 Operating System | 512 GB SSD | 39.62 cm (15.6 Inch) Display | 1 Year Manufacturer Warranty for Laptop and 6 Months for In-Box Accessories
"ASUS Vivobook 15 (2025) with Office 2024 + M365 Basic*, Backlit Keyboard, Intel Core i5 13th Gen 1335U...","₹45,990",In Stock,ASUS,4.4,105 Ratings & 4 Reviews,None,None,No,"Intel Core i5 Processor (13th Gen) | 16 GB DDR4 RAM | Windows 11 Home Operating System | 512 GB SSD | 39.62 cm (15.6 Inch) Display | Microsoft Office Home 2024 (Lifetime Validity ) + Microsoft 365 Basic*(1-Year Validity), One-Month Membership of Adobe Creative Cloud All Apps, McAfee 1 year | 1 Year Onsite Warranty"
ASUS Expertbook P3 Metal High-performance processor Intel Core i7 13th Gen 13620H - (32 GB/1 TB SSD/Wi...,"₹71,990",In Stock,ASUS,4.3,164 Ratings & 23 Reviews,None,None,No,"Intel Core i7 Processor (13th Gen) | 32 GB DDR5 RAM | Windows 11 Home Operating System | 1 TB SSD | 35.56 cm (14 Inch) Display | Included Software- Microsoft Office Home 2024(includes Word, Excel, PowerPoint, and OneNote) (Lifetime Validity ) + Microsoft 365 Basic*(1-Year Validity), McAfee+TM Premium (1 year Validity) | 1 Year Onsite Warranty"
"DELL 14 Plus Next Gen AI PC Backlit Keyboard, Fingerprint reader Intel Core Ultra 5 226V - (16 GB/512 ...","₹76,990",In Stock,DELL,4.3,262 Ratings & 24 Reviews,None,None,No,Intel Core Ultra 5 Processor | 16 GB LPDDR5X RAM | Windows 11 Home Operating System | 512 GB SSD | 35.56 cm (14 Inch) Display | 1 Year Onsite Hardware Service
HP 15s Metal Intel Core i3 13th Gen 1315U - (8 GB/512 GB SSD/Windows 11 Home) 15-hr0005TU Thin and Lig...,"₹41,990",In Stock,HP,4.3,38 Ratings & 2 Reviews,None,None,No,Intel Core i3 Processor (13th Gen) | 8 GB DDR4 RAM | Windows 11 Home Operating System | 512 GB SSD | 39.62 cm (15.6 Inch) Display | MS Office Home 2024 + MISC PC Game Pass DA 3M | 1 Year Onsite Warranty
HP Intel Core i7 13th Gen 13620H - (16 GB/512 GB SSD/Windows 11 Home) 15-fr0046TU Thin and Light Lapto...,"₹68,990",In Stock,HP,4.3,755 Ratings & 47 Reviews,None,None,No,Intel Core i7 Processor (13th Gen) | 16 GB DDR4 RAM | Windows 11 Home Operating System | 512 GB SSD | 39.62 cm (15.6 Inch) Display | 1 Year Onsite Warranty
ASUS Expertbook P1 Intel Core i3 13th Gen 1315U - (16 GB/512 GB SSD/Windows 11 Home) P1503CVA-S71074WS...,"₹38,990",In Stock,ASUS,4.3,"4,481 Ratings & 380 Reviews",None,None,No,"Intel Core i3 Processor (13th Gen) | 16 GB DDR5 RAM | Windows 11 Home Operating System | 512 GB SSD | 39.62 cm (15.6 Inch) Display | Included Software- Microsoft Office Home 2024(includes Word, Excel, PowerPoint, and OneNote) (Lifetime Validity ) + Microsoft 365 Basic*(1-Year Validity), McAfee+TM Premium (1 year Validity) | 1 Year Onsite Warranty"
"ASUS Vivobook Go 15 (2025) with Office 2024 + M365 Basic*, Backlit Keyboard, AMD Ryzen 5 Quad Core 752...","₹39,990",In Stock,ASUS,4.3,"1,067 Ratings & 53 Reviews",None,None,No,"AMD Ryzen 5 Quad Core Processor | 16 GB LPDDR5 RAM | Windows 11 Home Operating System | 512 GB SSD | 39.62 cm (15.6 Inch) Display | Microsoft Office Home 2024 (Lifetime Validity ) + Microsoft 365 Basic*(1-Year Validity), McAfee 1 year | 1 Year Onsite Warranty"
"ASUS Vivobook S15, A-Part Metal Body, Backlit Keyboard, Intel Core i9 13th Gen 13900H - (16 GB/512 GB ...","₹72,990",In Stock,ASUS,4.4,160 Ratings & 13 Reviews,None,None,No,Intel Core i9 Processor (13th Gen) | 16 GB LPDDR5 RAM | Windows 11 Operating System | 512 GB SSD | 39.62 cm (15.6 Inch) Display | 1 Year Onsite Warranty
ASUS Vivobook S14 (2025)(i5 14th Gen) with Office 2024 + M365 Basic* Backlit Keyboard Intel Core 5 210...,"₹63,990",In Stock,ASUS,4.6,7 Ratings & 0 Reviews,None,None,No,"Intel Core 5 Processor | 16 GB DDR5 RAM | Windows 11 Home Operating System | 512 GB SSD | 35.56 cm (14 Inch) Display | Microsoft Office Home 2024 (Lifetime Validity ) + Microsoft 365 Basic*(1-Year Validity), One-Month Membership of Adobe Creative Cloud All Apps, McAfee 1 year | 1 Year Onsite Warranty"
Samsung Galaxy Book4 Edge Series Copilot AI-PC Full Metal Chasis Qualcomm Snapdragon X - (16 GB/512 GB...,"₹59,550",In Stock,Samsung,4.4,"2,345 Ratings & 207 Reviews",None,None,No,Qualcomm Snapdragon X Processor | 16 GB LPDDR5X RAM | 64 bit Windows 11 Operating System | 512 GB SSD | 39.62 cm (15.6 Inch) Display | MS Office Home and Student 2024 | 1 Year Manufacturer Warranty for Laptop and 6 Months for In-Box Accessories
HP MSO 2024 Intel Core i3 13th Gen 1315U - (16 GB/512 GB SSD/Windows 11 Home) 15-fd0574TU / 15 - fd066...,"₹42,990",In Stock,HP,4.2,"2,532 Ratings & 151 Reviews",None,None,No,Intel Core i3 Processor (13th Gen) | 16 GB DDR4 RAM | Windows 11 Home Operating System | 512 GB SSD | 39.62 cm (15.6 Inch) Display | MS Office Home 2024 + MISC PC Game Pass DA 3M | 1 Year Onsite Warranty
Lenovo IdeaPad Slim 3 Backlit Intel Core i5 12th Gen 12450H - (16 GB/512 GB SSD/Windows 11 Home) 15IAH...,"₹47,990",In Stock,Lenovo,4.3,"1,205 Ratings & 80 Reviews",None,None,No,Intel Core i5 Processor (12th Gen) | 16 GB LPDDR5 RAM | Windows 11 Operating System | 512 GB SSD | 39.62 cm (15.6 Inch) Display | 1 Yr. Onsite + 1 Yr. Accidental Damage Protection
Acer Aspire 3 AMD Ryzen 3 Quad Core 7330U - (8 GB/512 GB SSD/Windows 11 Home) AS15 42 / A325 42 Thin a...,"₹29,990",In Stock,Acer,4.1,804 Ratings & 95 Reviews,None,None,No,AMD Ryzen 3 Quad Core Processor | 8 GB DDR4 RAM | Windows 11 Operating System | 512 GB SSD | 39.62 cm (15.6 Inch) Display | 1 Year Carry-in Warranty
ASUS Vivobook Go 15 AMD Ryzen 3 Quad Core 7320U - (8 GB/512 GB SSD/Windows 11 Home) E1504FA-NJ130WS | ...,"₹32,630",In Stock,ASUS,4.3,"1,722 Ratings & 115 Reviews",None,None,No,AMD Ryzen 3 Quad Core Processor | 8 GB LPDDR5 RAM | Windows 11 Home Operating System | 512 GB SSD | 39.62 cm (15.6 Inch) Display | Microsoft Office Home 2024 + Microsoft 365 Basic | 1 Year Onsite Warranty
DELL 15 Intel Core i5 13th Gen - (16 GB/512 GB SSD/Windows 11 Home) Vostro 3530 RPL Laptop,"₹58,990",In Stock,DELL,4.2,713 Ratings & 39 Reviews,None,None,No,"Intel Core i5 Processor (13th Gen) | 16 GB DDR4 RAM | Windows 11 Operating System | 512 GB SSD | 39.62 cm (15.6 Inch) Display | My Dell (Dell Power Manager, Dell Support Assist), Office H&S 2024 | 1 Year Onsite Hardware Service"
"HP 15 Laptop with Backlit Keyboard & MSO'2024, AMD Ryzen 7 Octa Core 7730U - (16 GB/512 GB SSD/Windows...","₹52,990",In Stock,HP,4.5,30 Ratings & 5 Reviews,None,None,No,AMD Ryzen 7 Octa Core Processor | 16 GB DDR4 RAM | Windows 11 Home Operating System | 512 GB SSD | 39.62 cm (15.6 Inch) Display | MS Office Home 2024 + 1 year M365 Basic | 1 Year Onsite Warranty
"ASUS Vivobook 15, with Backlit Keyboard, Intel Core i3 13th Gen 1315U - (16 GB/512 GB SSD/Windows 11 H...","₹38,990",In Stock,ASUS,4.3,"2,371 Ratings & 146 Reviews",None,None,No,Intel Core i3 Processor (13th Gen) | 16 GB DDR4 RAM | Windows 11 Home Operating System | 512 GB SSD | 39.62 cm (15.6 Inch) Display | Microsoft Office Home 2024 + Microsoft 365 Basic | 1 Year Onsite Warranty
Lenovo IdeaPad Slim 1 AMD Ryzen 5 Hexa Core 5500U - (16 GB/512 GB SSD/Windows 11 Home) 15ALC7 Thin and...,"₹40,990",In Stock,Lenovo,4.2,"7,052 Ratings & 575 Reviews",None,None,No,AMD Ryzen 5 Hexa Core Processor | 16 GB DDR4 RAM | Windows 11 Operating System | 512 GB SSD | 39.62 cm (15.6 Inch) Display | Microsoft Office Home & Student 2021 | 1 Year Onsite Warranty
Prittec Intel Celeron Dual Core N4200 - (8 GB/256 GB SSD/Windows 11 Home) N140P01 Laptop,"₹17,998",In Stock,Prittec,4.3,8 Ratings & 4 Reviews,None,None,No,Intel Celeron Dual Core Processor | 8 GB DDR4 RAM | Windows 11 Operating System | 256 GB SSD | 35.56 cm (14 Inch) Display | 1 Year Manufacturer Warranty
Lenovo IdeaPad Slim 3 Next Gen AI PC WUXGA IPS Copilot + PC Qualcomm Snapdragon X - (16 GB/512 GB SSD/...,"₹50,990",In Stock,Lenovo,4.3,595 Ratings & 58 Reviews,None,None,No,Qualcomm Snapdragon X Processor | 16 GB LPDDR5X RAM | Windows 11 Home Operating System | 512 GB SSD | 38.86 cm (15.3 Inch) Display | Office Home 2024 | 1 Year Onsite Warranty
HP 15 Intel Core 3 100U - (8 GB/512 GB SSD/Windows 11 Home) 15-fd1253TU/ 15-fd1225TU Thin and Light La...,"₹39,990",In Stock,HP,4.2,"1,131 Ratings & 63 Reviews",None,None,No,Intel Core 3 Processor | 8 GB DDR4 RAM | Windows 11 Home Operating System | 512 GB SSD | 39.62 cm (15.6 Inch) Display | MS Office Home 2024 + MISC PC Game Pass DA 3M | 1 Year Onsite Warranty
"ASUS Vivobook 15, with Backlit Keyboard, Intel Core i3 13th Gen 1315U - (8 GB/512 GB SSD/Windows 11 Ho...","₹36,990",In Stock,ASUS,4.3,"2,371 Ratings & 146 Reviews",None,None,No,Intel Core i3 Processor (13th Gen) | 8 GB DDR4 RAM | Windows 11 Operating System | 512 GB SSD | 39.62 cm (15.6 Inch) Display | 1 Year Onsite warranty
Acer Swift Neo OLED AI PC Intel Core Ultra 5 115U - (16 GB/1 TB SSD/Windows 11 Home) UN.35GSI.007 Thin...,"₹57,990",In Stock,Acer,4.1,570 Ratings & 45 Reviews,None,None,No,Intel Core Ultra 5 Processor | 16 GB LPDDR5 RAM | 64 bit Windows 11 Home Operating System | 1 TB SSD | 35.56 cm (14 Inch) Display | 1 Year Warranty
Samsung Galaxy Book4 Metal Intel Core i5 13th Gen 1335U - (8 GB/512 GB SSD/Windows 11 Home) NP750XGJ-K...,"₹47,730",In Stock,Samsung,4.4,"15,581 Ratings & 1,237 Reviews",None,None,No,Intel Core i5 Processor (13th Gen) | 8 GB LPDDR4X RAM | Windows 11 Operating System | 512 GB SSD | 39.62 cm (15.6 Inch) Display | 1 Year Manufacturer Warranty for Laptop and 6 Months for In-Box Accessories
"ASUS Vivobook 15 (2025) with Office 2024 + M365 Basic*, Backlit Keyboard, Intel Core i5 13th Gen 1335U...","₹45,990",In Stock,ASUS,4.4,105 Ratings & 4 Reviews,None,None,No,"Intel Core i5 Processor (13th Gen) | 16 GB DDR4 RAM | Windows 11 Home Operating System | 512 GB SSD | 39.62 cm (15.6 Inch) Display | Microsoft Office Home 2024 (Lifetime Validity ) + Microsoft 365 Basic*(1-Year Validity), One-Month Membership of Adobe Creative Cloud All Apps, McAfee 1 year | 1 Year Onsite Warranty"
Lenovo �IdeaPad Slim 5 WUXGA OLED Full Metal Body Intel Core i5 13th Gen 13420H - (16 GB/512 GB SSD/Wi...,"₹57,999",In Stock,Lenovo,4.4,50 Ratings & 5 Reviews,None,None,No,Intel Core i5 Processor (13th Gen) | 16 GB DDR5 RAM | Windows 11 Home Operating System | 512 GB SSD | 35.56 cm (14 Inch) Display | Office Home 2024 | 1 Year Onsite Warranty
ASUS TUF Gaming A15 (2025) AMD Ryzen 7 Hexa Core 7445HS - (16 GB/512 GB SSD/Windows 11 Home/4 GB Graph...,"₹66,990",In Stock,ASUS,4.4,"3,074 Ratings & 169 Reviews",None,None,No,AMD Ryzen 7 Hexa Core Processor | 16 GB DDR5 RAM | Windows 11 Home Operating System | 512 GB SSD | 39.62 cm (15.6 Inch) Display | 1 Year Onsite Warranty
ASUS Expertbook P1 Intel Core i3 13th Gen 1315U - (8 GB/512 GB SSD/Windows 11 Home) P1503CVA-S70501WS ...,"₹36,990",In Stock,ASUS,4.3,"4,481 Ratings & 380 Reviews",None,None,No,"Intel Core i3 Processor (13th Gen) | 8 GB DDR5 RAM | Windows 11 Home Operating System | 512 GB SSD | 39.62 cm (15.6 Inch) Display | Included Software- Microsoft Office Home 2024(includes Word, Excel, PowerPoint, and OneNote) (Lifetime Validity ) + Microsoft 365 Basic*(1-Year Validity), McAfee+TM Premium (1 year Validity) | 1 Year Onsite Warranty"
Lenovo IdeaPad Slim 3 Next Gen AI PC WUXGA IPS Copilot + PC Qualcomm Snapdragon X - (16 GB/512 GB SSD/...,"₹50,990",In Stock,Lenovo,4.3,595 Ratings & 58 Reviews,None,None,No,Qualcomm Snapdragon X Processor | 16 GB LPDDR5X RAM | Windows 11 Home Operating System | 512 GB SSD | 38.86 cm (15.3 Inch) Display | Office Home 2024 | 1 Year Onsite Warranty
HP 15s Metal Intel Core i3 13th Gen 1315U - (8 GB/512 GB SSD/Windows 11 Home) 15-hr0005TU Thin and Lig...,"₹41,990",In Stock,HP,4.3,38 Ratings & 2 Reviews,None,None,No,Intel Core i3 Processor (13th Gen) | 8 GB DDR4 RAM | Windows 11 Home Operating System | 512 GB SSD | 39.62 cm (15.6 Inch) Display | MS Office Home 2024 + MISC PC Game Pass DA 3M | 1 Year Onsite Warranty
HP Intel Core i7 13th Gen 13620H - (16 GB/512 GB SSD/Windows 11 Home) 15-fr0046TU Thin and Light Lapto...,"₹68,990",In Stock,HP,4.3,755 Ratings & 47 Reviews,None,None,No,Intel Core i7 Processor (13th Gen) | 16 GB DDR4 RAM | Windows 11 Home Operating System | 512 GB SSD | 39.62 cm (15.6 Inch) Display | 1 Year Onsite Warranty
Acer Aspire 3 AMD Ryzen 3 Quad Core 7330U - (16 GB/512 GB SSD/Windows 11 Home) AS15-42 Thin and Light ...,"₹34,990",In Stock,Acer,4.1,804 Ratings & 95 Reviews,None,None,No,AMD Ryzen 3 Quad Core Processor | 16 GB DDR4 RAM | Windows 11 Operating System | 512 GB SSD | 39.62 cm (15.6 Inch) Display | 1 Year Onsite Warranty
"Acer Aspire 14 with Backlit Keyboard, Intel Core i5 13th Gen 13500H - (16 GB/512 GB SSD/Windows 11 Hom...","₹54,990",In Stock,Acer,4.3,"6,165 Ratings & 523 Reviews",None,None,No,Intel Core i5 Processor (13th Gen) | 16 GB LPDDR5 RAM | 64 bit Windows 11 Home Operating System | 512 GB SSD | 35.56 cm (14 Inch) Display | 1 Year Warranty
Samsung Galaxy Book4 Edge Series Copilot AI-PC Full Metal Chasis Qualcomm Snapdragon X - (16 GB/512 GB...,"₹59,550",In Stock,Samsung,4.4,"2,345 Ratings & 207 Reviews",None,None,No,Qualcomm Snapdragon X Processor | 16 GB LPDDR5X RAM | 64 bit Windows 11 Operating System | 512 GB SSD | 39.62 cm (15.6 Inch) Display | MS Office Home and Student 2024 | 1 Year Manufacturer Warranty for Laptop and 6 Months for In-Box Accessories
HP MSO 2024 Intel Core i3 13th Gen 1315U - (16 GB/512 GB SSD/Windows 11 Home) 15-fd0574TU / 15 - fd066...,"₹42,990",In Stock,HP,4.2,"2,532 Ratings & 151 Reviews",None,None,No,Intel Core i3 Processor (13th Gen) | 16 GB DDR4 RAM | Windows 11 Home Operating System | 512 GB SSD | 39.62 cm (15.6 Inch) Display | MS Office Home 2024 + MISC PC Game Pass DA 3M | 1 Year Onsite Warranty
Ultimus Pro Intel Dual Core N4020 - (4 GB/128 GB EMMC Storage/Windows 11 Home) NU14U3CNC43BN-MB Thin a...,"₹13,990",In Stock,Ultimus,3.7,27 Ratings & 5 Reviews,None,None,No,Intel Dual Core Processor | 4 GB DDR4 RAM | 64 bit Windows 11 Home Operating System | 35.81 cm (14.1 Inch) Display | Pre loaded windows APP | 1 Year Manufacturing Warranty
Acer Aspire 3 Intel Pentium Quad Core 12th Gen N100 - (8 GB/512 GB SSD/Windows 11 Home) A324-31 Thin a...,"₹27,990",In Stock,Acer,4.1,659 Ratings & 34 Reviews,None,None,No,Intel Pentium Quad Core Processor (12th Gen) | 8 GB DDR4 RAM | Windows 11 Operating System | 512 GB SSD | 35.56 cm (14 Inch) Display | 1 Year Carry-in Warranty
DELL G15 Intel Core i5 13th Gen 13450HX - (16 GB/512 GB SSD/Windows 11 Home/6 GB Graphics/NVIDIA GeFor...,"₹79,990",In Stock,DELL,4.2,452 Ratings & 40 Reviews,None,None,No,"Intel Core i5 Processor (13th Gen) | 16 GB DDR5 RAM | Windows 11 Operating System | 512 GB SSD | 39.62 cm (15.6 Inch) Display | Alienware Command Center,Dell Support Assist) | 1 Year Basic Onsite Service after remote diagnosis with Hardware-Only Support"
ASUS Expertbook P1 High-performance processor Intel Core i5 13th Gen 13420H - (16 GB/512 GB SSD/Window...,"₹51,990",In Stock,ASUS,4.3,"4,217 Ratings & 326 Reviews",None,None,No,"Intel Core i5 Processor (13th Gen) | 16 GB DDR5 RAM | Windows 11 Home Operating System | 512 GB SSD | 39.62 cm (15.6 Inch) Display | Included Software- Microsoft Office Home 2024(includes Word, Excel, PowerPoint, and OneNote) (Lifetime Validity ) + Microsoft 365 Basic*(1-Year Validity), McAfee+TM Premium (1 year Validity) | 1 Year Onsite Warranty"
ASUS Vivobook Go 15 AMD Ryzen 3 Quad Core 7320U - (8 GB/512 GB SSD/Windows 11 Home) E1504FA-NJ130WS | ...,"₹32,630",In Stock,ASUS,4.3,"1,722 Ratings & 115 Reviews",None,None,No,AMD Ryzen 3 Quad Core Processor | 8 GB LPDDR5 RAM | Windows 11 Home Operating System | 512 GB SSD | 39.62 cm (15.6 Inch) Display | Microsoft Office Home 2024 + Microsoft 365 Basic | 1 Year Onsite Warranty
DELL 15 Intel Core i5 13th Gen - (16 GB/512 GB SSD/Windows 11 Home) Vostro 3530 RPL Laptop,"₹58,990",In Stock,DELL,4.2,713 Ratings & 39 Reviews,None,None,No,"Intel Core i5 Processor (13th Gen) | 16 GB DDR4 RAM | Windows 11 Operating System | 512 GB SSD | 39.62 cm (15.6 Inch) Display | My Dell (Dell Power Manager, Dell Support Assist), Office H&S 2024 | 1 Year Onsite Hardware Service"
Acer Aspire Lite Intel Core i3 12th Gen 1215U - (8 GB/512 GB SSD/Windows 11 Home) AL15-52 Thin and Lig...,"₹35,520",In Stock,Acer,4.1,980 Ratings & 76 Reviews,None,None,No,Intel Core i3 Processor (12th Gen) | 8 GB DDR4 RAM | 64 bit Windows 11 Home Operating System | 512 GB SSD | 39.62 cm (15.6 Inch) Display | 1 year
Acer Aspire 3 Intel Core i3 13th Gen 1305U - (16 GB/512 GB SSD/Windows 11 Home) A324-53 Thin and Light...,"₹35,990",In Stock,Acer,4.3,"3,357 Ratings & 248 Reviews",None,None,No,Intel Core i3 Processor (13th Gen) | 16 GB DDR4 RAM | Windows 11 Operating System | 512 GB SSD | 35.56 cm (14 Inch) Display | 1 Year Carry-in Warranty
HP 15 Intel Core 3 100U - (8 GB/512 GB SSD/Windows 11 Home) 15-fd1253TU/ 15-fd1225TU Thin and Light La...,"₹39,990",In Stock,HP,4.2,"1,131 Ratings & 63 Reviews",None,None,No,Intel Core 3 Processor | 8 GB DDR4 RAM | Windows 11 Home Operating System | 512 GB SSD | 39.62 cm (15.6 Inch) Display | MS Office Home 2024 + MISC PC Game Pass DA 3M | 1 Year Onsite Warranty
"ASUS Vivobook 15 (2025) (i5 14th Gen) with MSO 2024 + M365 Basic*, Backlit Keyboard, Intel Core 5 120U...","₹51,990",In Stock,ASUS,4.3,"1,326 Ratings & 98 Reviews",None,None,No,"Intel Core 5 Processor | 16 GB DDR4 RAM | Windows 11 Home Operating System | 512 GB SSD | 39.62 cm (15.6 Inch) Display | Microsoft Office Home 2024 (Lifetime Validity ) + Microsoft 365 Basic*(1-Year Validity), One-Month Membership of Adobe Creative Cloud All Apps, McAfee 1 year | 1 Year Onsite Warranty"
Acer Aspire 3 Intel Core i3 12th Gen 1215U - (8 GB/512 GB SSD/Windows 11 Home) A324-51 Thin and Light ...,"₹29,990",In Stock,Acer,4.2,"5,788 Ratings & 422 Reviews",None,None,No,Intel Core i3 Processor (12th Gen) | 8 GB DDR4 RAM | 64 bit Windows 11 Operating System | 512 GB SSD | 35.56 cm (14 Inch) Display | 1 Year Domestic Warranty
HP Chromebook Intel Celeron Dual Core N4120 - (4 GB/64 GB EMMC Storage/Chrome OS) 14a-ca0506TU Chromeb...,"₹16,990",In Stock,HP,3.9,"2,050 Ratings & 165 Reviews",None,None,No,Intel Celeron Dual Core Processor | 4 GB LPDDR4 RAM | 64 bit Chrome Operating System | 35.56 cm (14 Inch) Touchscreen Display | 1 Year Onsite Warranty
"ASUS Vivobook S14 (2025) with Office 2024 + M365 Basic*, Backlit Keyboard, Intel Core i5 13th Gen 1342...","₹56,990",In Stock,ASUS,4.4,806 Ratings & 59 Reviews,None,None,No,"Intel Core i5 Processor (13th Gen) | 16 GB DDR5 RAM | Windows 11 Home Operating System | 512 GB SSD | 35.56 cm (14 Inch) Display | Microsoft Office Home 2024 (Lifetime Validity ) + Microsoft 365 Basic*(1-Year Validity), One-Month Membership of Adobe Creative Cloud All Apps, McAfee 1 year | 1 Year Onsite Warranty"
HP AMD Ryzen 5 Quad Core 7520U - (16 GB/512 GB SSD/Windows 11 Home) 15-fc0690AU Thin and Light Laptop,"₹44,990",In Stock,HP,4.1,378 Ratings & 27 Reviews,None,None,No,AMD Ryzen 5 Quad Core Processor | 16 GB LPDDR5 RAM | Windows 11 Operating System | 512 GB SSD | 39.62 cm (15.6 Inch) Display | 1 Year Onsite Warranty
Samsung Galaxy Book4 Metal Intel Core i5 13th Gen 1335U - (8 GB/512 GB SSD/Windows 11 Home) NP750XGJ-K...,"₹47,730",In Stock,Samsung,4.4,"15,581 Ratings & 1,237 Reviews",None,None,No,Intel Core i5 Processor (13th Gen) | 8 GB LPDDR4X RAM | Windows 11 Operating System | 512 GB SSD | 39.62 cm (15.6 Inch) Display | 1 Year Manufacturer Warranty for Laptop and 6 Months for In-Box Accessories
Lenovo LOQ Essential Intel Core i7 12650HX - (16 GB/512 GB SSD/Windows 11 Home/6 GB Graphics/NVIDIA Ge...,"₹79,990",In Stock,Lenovo,4.5,24 Ratings & 1 Reviews,None,None,No,Intel Core i7 Processor | 16 GB DDR5 RAM | Windows 11 Home Operating System | 512 GB SSD | 39.62 cm (15.6 Inch) Display | 1 Year Carry-in Warranty
"ASUS Vivobook 15 (2025) (i5 14th Gen) with MSO 2024 + M365 Basic*, Backlit Keyboard, Intel Core 5 120U...","₹51,990",In Stock,ASUS,4.3,"1,326 Ratings & 98 Reviews",None,None,No,"Intel Core 5 Processor | 16 GB DDR4 RAM | Windows 11 Home Operating System | 512 GB SSD | 39.62 cm (15.6 Inch) Display | Microsoft Office Home 2024 (Lifetime Validity ) + Microsoft 365 Basic*(1-Year Validity), One-Month Membership of Adobe Creative Cloud All Apps, McAfee 1 year | 1 Year Onsite Warranty"
Acer Swift Neo OLED AI PC Intel Core Ultra 5 115U - (16 GB/512 GB SSD/Windows 11 Home) SFN14-54H Thin ...,"₹54,900",In Stock,Acer,4.1,"1,394 Ratings & 130 Reviews",None,None,No,Intel Core Ultra 5 Processor | 16 GB LPDDR5 RAM | 64 bit Windows 11 Home Operating System | 512 GB SSD | 35.56 cm (14 Inch) Display | 1 Year Warranty
"ASUS Vivobook 15 (2025) with Office 2024 + M365 Basic*, Backlit Keyboard, Intel Core i5 13th Gen 1335U...","₹45,990",In Stock,ASUS,4.4,105 Ratings & 4 Reviews,None,None,No,"Intel Core i5 Processor (13th Gen) | 16 GB DDR4 RAM | Windows 11 Home Operating System | 512 GB SSD | 39.62 cm (15.6 Inch) Display | Microsoft Office Home 2024 (Lifetime Validity ) + Microsoft 365 Basic*(1-Year Validity), One-Month Membership of Adobe Creative Cloud All Apps, McAfee 1 year | 1 Year Onsite Warranty"
HP 15s Metal Intel Core i3 13th Gen 1315U - (8 GB/512 GB SSD/Windows 11 Home) 15-hr0005TU Thin and Lig...,"₹41,990",In Stock,HP,4.3,38 Ratings & 2 Reviews,None,None,No,Intel Core i3 Processor (13th Gen) | 8 GB DDR4 RAM | Windows 11 Home Operating System | 512 GB SSD | 39.62 cm (15.6 Inch) Display | MS Office Home 2024 + MISC PC Game Pass DA 3M | 1 Year Onsite Warranty
HP OMEN Intel Core 7 240H - (24 GB/1 TB SSD/Windows 11 Home/8 GB Graphics/NVIDIA GeForce RTX 5050) 16-...,"₹1,19,990",In Stock,HP,4.4,60 Ratings & 6 Reviews,None,None,No,Intel Core 7 Processor | 24 GB DDR5 RAM | Windows 11 Home Operating System | 1 TB SSD | 40.64 cm (16 Inch) Display | MS Office Home 2024 + MISC PC Game Pass DA 3M | 1 Year Onsite Warranty
ASUS Vivobook Go 15 AMD Ryzen 5 Quad Core 7520U - (8 GB/512 GB SSD/Windows 11 Home) E1504FA-NJ132WS | ...,"₹36,990",In Stock,ASUS,4.3,"1,067 Ratings & 53 Reviews",None,None,No,AMD Ryzen 5 Quad Core Processor | 8 GB LPDDR5 RAM | Windows 11 Home Operating System | 512 GB SSD | 39.62 cm (15.6 Inch) Display | Microsoft Office Home 2024 + Microsoft 365 Basic | 1 Year Onsite Warranty
Lenovo LOQ Essential Intel Core i5 12th Gen 12450HX - (16 GB/512 GB SSD/Windows 11 Home/4 GB Graphics/...,"₹68,980",In Stock,Lenovo,3.9,217 Ratings & 16 Reviews,None,None,No,Intel Core i5 Processor (12th Gen) | 16 GB DDR5 RAM | Windows 11 Home Operating System | 512 GB SSD | 39.62 cm (15.6 Inch) Display | Microsoft Office Home 2024 | 1 Year Onsite Warranty
Lenovo Chromebook MediaTek Kompanio 520 - (8 GB/128 GB EMMC Storage/Chrome OS) 14M868 Thin and Light L...,"₹23,990",In Stock,Lenovo,3.9,"3,523 Ratings & 313 Reviews",None,None,No,MediaTek Kompanio 520 Processor | 8 GB LPDDR4X RAM | Chrome Operating System | 35.56 cm (14 Inch) Display | 1 Year Carry-in Warranty
HP Intel Core i7 13th Gen 13620H - (16 GB/512 GB SSD/Windows 11 Home) 15-fr0046TU Thin and Light Lapto...,"₹68,990",In Stock,HP,4.3,755 Ratings & 47 Reviews,None,None,No,Intel Core i7 Processor (13th Gen) | 16 GB DDR4 RAM | Windows 11 Home Operating System | 512 GB SSD | 39.62 cm (15.6 Inch) Display | 1 Year Onsite Warranty
Samsung Galaxy Book4 Edge Series Copilot AI-PC Full Metal Chasis Qualcomm Snapdragon X - (16 GB/512 GB...,"₹59,550",In Stock,Samsung,4.4,"2,345 Ratings & 207 Reviews",None,None,No,Qualcomm Snapdragon X Processor | 16 GB LPDDR5X RAM | 64 bit Windows 11 Operating System | 512 GB SSD | 39.62 cm (15.6 Inch) Display | MS Office Home and Student 2024 | 1 Year Manufacturer Warranty for Laptop and 6 Months for In-Box Accessories
Acer Swift Neo OLED Intel Core Ultra 5 115U - (16 GB/1 TB SSD/Windows 11 Home) SFN14-54H Thin and Ligh...,"₹57,990",In Stock,Acer,4.1,570 Ratings & 45 Reviews,None,None,No,Intel Core Ultra 5 Processor | 16 GB LPDDR5 RAM | 64 bit Windows 11 Home Operating System | 1 TB SSD | 35.56 cm (14 Inch) Display | 1 Year Warranty
ASUS Chromebook CX15 Intel Celeron Dual Core N4500 - (4 GB/64 GB EMMC Storage/Chrome OS) CX1505CKA-S70...,"₹14,990",In Stock,ASUS,3.8,132 Ratings & 6 Reviews,None,None,No,Intel Celeron Dual Core Processor | 4 GB LPDDR4X RAM | Chrome Operating System | 39.62 cm (15.6 Inch) Display | 1 Year Onsite Warranty
HP MSO 2024 Intel Core i3 13th Gen 1315U - (16 GB/512 GB SSD/Windows 11 Home) 15-fd0574TU / 15 - fd066...,"₹42,990",In Stock,HP,4.2,"2,532 Ratings & 151 Reviews",None,None,No,Intel Core i3 Processor (13th Gen) | 16 GB DDR4 RAM | Windows 11 Home Operating System | 512 GB SSD | 39.62 cm (15.6 Inch) Display | MS Office Home 2024 + MISC PC Game Pass DA 3M | 1 Year Onsite Warranty
ASUS Vivobook Go 15 AMD Ryzen 3 Quad Core 7320U - (8 GB/512 GB SSD/Windows 11 Home) E1504FA-NJ130WS | ...,"₹32,630",In Stock,ASUS,4.3,"1,722 Ratings & 115 Reviews",None,None,No,AMD Ryzen 3 Quad Core Processor | 8 GB LPDDR5 RAM | Windows 11 Home Operating System | 512 GB SSD | 39.62 cm (15.6 Inch) Display | Microsoft Office Home 2024 + Microsoft 365 Basic | 1 Year Onsite Warranty
"ASUS Vivobook 15 (2025) (i5 14th Gen) with MSO 2024 + M365 Basic*, Backlit Keyboard, Intel Core 5 120U...","₹51,990",In Stock,ASUS,4.3,"1,326 Ratings & 98 Reviews",None,None,No,"Intel Core 5 Processor | 16 GB DDR4 RAM | Windows 11 Home Operating System | 512 GB SSD | 39.62 cm (15.6 Inch) Display | Microsoft Office Home 2024 (Lifetime Validity ) + Microsoft 365 Basic*(1-Year Validity), One-Month Membership of Adobe Creative Cloud All Apps, McAfee 1 year | 1 Year Onsite Warranty"
MSI Thin A15 AMD Ryzen 5 Hexa Core 7535HS - (16 GB/512 GB SSD/Windows 11 Home/4 GB Graphics/NVIDIA GeF...,"₹59,990",In Stock,MSI,4.3,520 Ratings & 51 Reviews,None,None,No,AMD Ryzen 5 Hexa Core Processor | 16 GB DDR5 RAM | Windows 11 Operating System | 512 GB SSD | 39.62 cm (15.6 Inch) Display | 2 Year Onsite Warranty
HP Intel Celeron Dual Core N4500 - (8 GB/512 GB SSD/Windows 11 Home) 14s-dq3149TU / 14s-dq3141TU Thin ...,"₹30,800",In Stock,HP,3.8,674 Ratings & 31 Reviews,None,None,No,Intel Celeron Dual Core Processor | 8 GB DDR4 RAM | Windows 11 Home Operating System | 512 GB SSD | 35.56 cm (14 Inch) Display | 1 Year Onsite Warranty
Acer NITRO LITE 16 Intel Core i7 13th Gen 13620H - (16 GB/512 GB SSD/Windows 11 Home/6 GB Graphics/NVI...,"₹69,990",In Stock,Acer,4.3,367 Ratings & 25 Reviews,None,None,No,Intel Core i7 Processor (13th Gen) | 16 GB DDR5 RAM | 64 bit Windows 11 Home Operating System | 512 GB SSD | 40.64 cm (16 Inch) Display | 1 Year Warranty
Samsung Galaxy Book4 Metal Intel Core i5 13th Gen 1335U - (8 GB/512 GB SSD/Windows 11 Home) NP750XGJ-K...,"₹47,730",In Stock,Samsung,4.4,"15,581 Ratings & 1,237 Reviews",None,None,No,Intel Core i5 Processor (13th Gen) | 8 GB LPDDR4X RAM | Windows 11 Operating System | 512 GB SSD | 39.62 cm (15.6 Inch) Display | 1 Year Manufacturer Warranty for Laptop and 6 Months for In-Box Accessories
"ASUS Vivobook 15 (2025) with Office 2024 + M365 Basic*, Backlit Keyboard, Intel Core i5 13th Gen 1335U...","₹45,990",In Stock,ASUS,4.4,105 Ratings & 4 Reviews,None,None,No,"Intel Core i5 Processor (13th Gen) | 16 GB DDR4 RAM | Windows 11 Home Operating System | 512 GB SSD | 39.62 cm (15.6 Inch) Display | Microsoft Office Home 2024 (Lifetime Validity ) + Microsoft 365 Basic*(1-Year Validity), One-Month Membership of Adobe Creative Cloud All Apps, McAfee 1 year | 1 Year Onsite Warranty"
Lenovo Chromebook Intel Pentium Quad Core N100 - (4 GB/128 GB EMMC Storage/Chrome OS) 14IAN8 Chromeboo...,"₹14,990",In Stock,Lenovo,3.9,51 Ratings & 4 Reviews,None,None,No,Intel Pentium Quad Core Processor | 4 GB LPDDR5 RAM | Chrome Operating System | 35.56 cm (14 Inch) Display | 1 Year Carry-in Warranty
"ASUS Vivobook S16 OLED (2025) with Backlit Keyboard, Metal Body*, Qualcomm Snapdragon X - (16 GB/512 G...","₹65,990",In Stock,ASUS,4.5,815 Ratings & 59 Reviews,None,None,No,"Qualcomm Snapdragon X Processor | 16 GB LPDDR5X RAM | Windows 11 Home Operating System | 512 GB SSD | 40.64 cm (16 Inch) Display | Microsoft Office Home 2024 (Lifetime Validity ) + Microsoft 365 Basic*(1-Year Validity), One-Month Membership of Adobe Creative Cloud All Apps | 1 Year Onsite Warranty"
HP 15s Metal Intel Core i3 13th Gen 1315U - (8 GB/512 GB SSD/Windows 11 Home) 15-hr0005TU Thin and Lig...,"₹41,990",In Stock,HP,4.3,38 Ratings & 2 Reviews,None,None,No,Intel Core i3 Processor (13th Gen) | 8 GB DDR4 RAM | Windows 11 Home Operating System | 512 GB SSD | 39.62 cm (15.6 Inch) Display | MS Office Home 2024 + MISC PC Game Pass DA 3M | 1 Year Onsite Warranty
HP Intel Core i7 13th Gen 13620H - (16 GB/512 GB SSD/Windows 11 Home) 15-fr0046TU Thin and Light Lapto...,"₹68,990",In Stock,HP,4.3,755 Ratings & 47 Reviews,None,None,No,Intel Core i7 Processor (13th Gen) | 16 GB DDR4 RAM | Windows 11 Home Operating System | 512 GB SSD | 39.62 cm (15.6 Inch) Display | 1 Year Onsite Warranty
Acer Aspire 3 Intel Pentium Quad Core 12th Gen N100 - (16 GB/512 GB SSD/Windows 11 Home) A324-31 Thin ...,"₹29,990",In Stock,Acer,4.1,659 Ratings & 34 Reviews,None,None,No,Intel Pentium Quad Core Processor (12th Gen) | 16 GB DDR4 RAM | Windows 11 Operating System | 512 GB SSD | 35.56 cm (14 Inch) Display | 1 Year Carry-in Warranty
Acer Aspire Intel Celeron Dual Core N4500 - (12 GB/256 GB SSD/Windows 11 Home) A324-45-V2 Thin and Lig...,"₹26,990",In Stock,Acer,3.9,"1,943 Ratings & 178 Reviews",None,None,No,Intel Celeron Dual Core Processor | 12 GB LPDDR4X RAM | Windows 11 Operating System | 256 GB SSD | 35.56 cm (14 Inch) Display | 1 Year Carry-in Warranty
ASUS Expertbook P1 High-performance processor Intel Core i5 13th Gen 13420H - (32 GB/512 GB SSD/Window...,"₹55,990",In Stock,ASUS,4.3,"4,217 Ratings & 326 Reviews",None,None,No,"Intel Core i5 Processor (13th Gen) | 32 GB DDR5 RAM | Windows 11 Home Operating System | 512 GB SSD | 35.56 cm (14 Inch) Display | Included Software- Microsoft Office Home 2024(includes Word, Excel, PowerPoint, and OneNote) (Lifetime Validity ) + Microsoft 365 Basic*(1-Year Validity), McAfee+TM Premium (1 year Validity) | 1 Year Onsite Warranty"
DELL 15 Intel Core i3 13th Gen 1305U - (16 GB/512 GB SSD/Windows 11 Home) 3530 Thin and Light Laptop,"₹42,990",In Stock,DELL,4.2,599 Ratings & 42 Reviews,None,None,No,"Intel Core i3 Processor (13th Gen) | 16 GB DDR4 RAM | Windows 11 Home Operating System | 512 GB SSD | 39.62 cm (15.6 Inch) Display | Microsoft Office H&S 2024, My Dell (Dell Power Manager, Dell Support Assist) | 1 Year Onsite Hardware Service"
Samsung Galaxy Book4 Edge Series Copilot AI-PC Full Metal Chasis Qualcomm Snapdragon X - (16 GB/512 GB...,"₹59,550",In Stock,Samsung,4.4,"2,345 Ratings & 207 Reviews",None,None,No,Qualcomm Snapdragon X Processor | 16 GB LPDDR5X RAM | 64 bit Windows 11 Operating System | 512 GB SSD | 39.62 cm (15.6 Inch) Display | MS Office Home and Student 2024 | 1 Year Manufacturer Warranty for Laptop and 6 Months for In-Box Accessories
HP MSO 2024 Intel Core i3 13th Gen 1315U - (16 GB/512 GB SSD/Windows 11 Home) 15-fd0574TU / 15 - fd066...,"₹42,990",In Stock,HP,4.2,"2,532 Ratings & 151 Reviews",None,None,No,Intel Core i3 Processor (13th Gen) | 16 GB DDR4 RAM | Windows 11 Home Operating System | 512 GB SSD | 39.62 cm (15.6 Inch) Display | MS Office Home 2024 + MISC PC Game Pass DA 3M | 1 Year Onsite Warranty
HP OmniBook 7 Aero (Previously Pavilion) AMD Ryzen AI 7 Octa Core AI 7 350 - (16 GB/512 GB SSD/Windows...,"₹69,990",In Stock,HP,3.9,50 Ratings & 4 Reviews,None,None,No,AMD Ryzen AI 7 Octa Core Processor | 16 GB LPDDR5X RAM | Windows 11 Operating System | 512 GB SSD | 33.78 cm (13.3 Inch) Display | 1 Year Onsite Service
DELL 15 AMD Ryzen 7 Octa Core 7730U - (16 GB/512 GB SSD/Windows 11 Home) DC15255 Thin and Light Laptop,"₹50,990",In Stock,DELL,3.9,9 Ratings & 0 Reviews,None,None,No,AMD Ryzen 7 Octa Core Processor | 16 GB DDR4 RAM | Windows 11 Operating System | 512 GB SSD | 38.1 cm (15 Inch) Display | 1 Year Onsite Hardware Service
ASUS Vivobook Go 15 AMD Ryzen 3 Quad Core 7320U - (8 GB/512 GB SSD/Windows 11 Home) E1504FA-NJ130WS | ...,"₹32,630",In Stock,ASUS,4.3,"1,722 Ratings & 115 Reviews",None,None,No,AMD Ryzen 3 Quad Core Processor | 8 GB LPDDR5 RAM | Windows 11 Home Operating System | 512 GB SSD | 39.62 cm (15.6 Inch) Display | Microsoft Office Home 2024 + Microsoft 365 Basic | 1 Year Onsite Warranty
DELL 15 Intel Core i5 13th Gen - (16 GB/512 GB SSD/Windows 11 Home) Vostro 3530 RPL Laptop,"₹58,990",In Stock,DELL,4.2,713 Ratings & 39 Reviews,None,None,No,"Intel Core i5 Processor (13th Gen) | 16 GB DDR4 RAM | Windows 11 Operating System | 512 GB SSD | 39.62 cm (15.6 Inch) Display | My Dell (Dell Power Manager, Dell Support Assist), Office H&S 2024 | 1 Year Onsite Hardware Service"
ASUS Chromebook CX1 Intel Celeron Dual Core N4500 - (8 GB/64 GB EMMC Storage/Chrome OS) CX1500CKA-NJ04...,"₹17,990",In Stock,ASUS,3.9,65 Ratings & 1 Reviews,None,None,No,Intel Celeron Dual Core Processor | 8 GB LPDDR4X RAM | Chrome Operating System | 39.62 cm (15.6 Inch) Display | 1 Year Onsite Warranty
Lenovo Chromebook MediaTek Kompanio 520 - (4 GB/128 GB EMMC Storage/Chrome OS) 14M868 Chromebook,"₹14,999",In Stock,Lenovo,3.9,"3,523 Ratings & 313 Reviews",None,None,No,MediaTek Kompanio 520 Processor | 4 GB LPDDR4X RAM | Chrome Operating System | 35.56 cm (14 Inch) Display | 1 Year Carry-in Warranty
Lenovo Yoga Slim 6 Intel Core i7 13th Gen 13700H - (16 GB/1 TB SSD/Windows 11 Home) 14IRH8 Thin and Li...,"₹79,990",In Stock,Lenovo,None,None,None,None,No,Intel Core i7 Processor (13th Gen) | 16 GB LPDDR5X RAM | Windows 11 Operating System | 1 TB SSD | 35.56 cm (14 Inch) Display | 1 Year Carry-in Warranty
"ASUS Vivobook 15, with Backlit Keyboard, Intel Core i3 12th Gen 1215U - (8 GB/512 GB SSD/Windows 11 Ho...","₹37,390",In Stock,ASUS,4.3,"7,743 Ratings & 607 Reviews",None,None,No,Intel Core i3 Processor (12th Gen) | 8 GB DDR4 RAM | Windows 11 Operating System | 512 GB SSD | 39.62 cm (15.6 Inch) Display | 1 Year Onsite Warranty
Lenovo IdeaPad Slim 3 Next Gen AI PC WUXGA IPS Copilot + PC Qualcomm Snapdragon X - (16 GB/512 GB SSD/...,"₹50,990",In Stock,Lenovo,4.3,595 Ratings & 58 Reviews,None,None,No,Qualcomm Snapdragon X Processor | 16 GB LPDDR5X RAM | Windows 11 Home Operating System | 512 GB SSD | 38.86 cm (15.3 Inch) Display | Office Home 2024 | 1 Year Onsite Warranty
HP 15 Intel Core 3 100U - (8 GB/512 GB SSD/Windows 11 Home) 15-fd1253TU/ 15-fd1225TU Thin and Light La...,"₹39,990",In Stock,HP,4.2,"1,131 Ratings & 63 Reviews",None,None,No,Intel Core 3 Processor | 8 GB DDR4 RAM | Windows 11 Home Operating System | 512 GB SSD | 39.62 cm (15.6 Inch) Display | MS Office Home 2024 + MISC PC Game Pass DA 3M | 1 Year Onsite Warranty
ASUS Expertbook P1 High-performance processor Intel Core i7 13th Gen 13620H - (16 GB/512 GB SSD/Window...,"₹62,990",In Stock,ASUS,4.3,811 Ratings & 66 Reviews,None,None,No,"Intel Core i7 Processor (13th Gen) | 16 GB DDR5 RAM | Windows 11 Home Operating System | 512 GB SSD | 39.62 cm (15.6 Inch) Display | Included Software- Microsoft Office Home 2024(includes Word, Excel, PowerPoint, and OneNote) (Lifetime Validity ) + Microsoft 365 Basic*(1-Year Validity), McAfee+TM Premium (1 year Validity) | 1 Year Onsite Warranty"
Acer Aspire Lite AMD Ryzen 7 Octa Core 7730U - (16 GB/1 TB SSD/Windows 11 Home) AL15-41 Thin and Light...,"₹47,990",In Stock,Acer,4.1,504 Ratings & 42 Reviews,None,None,No,AMD Ryzen 7 Octa Core Processor | 16 GB DDR4 RAM | 64 bit Windows 11 Operating System | 1 TB SSD | 39.62 cm (15.6 Inch) Display | 1 Year Onsite Warranty
"ASUS Vivobook 15 (2025) with Office 2024 + M365 Basic*, Backlit Keyboard, Intel Core i5 13th Gen 1335U...","₹45,990",In Stock,ASUS,4.4,105 Ratings & 4 Reviews,None,None,No,"Intel Core i5 Processor (13th Gen) | 16 GB DDR4 RAM | Windows 11 Home Operating System | 512 GB SSD | 39.62 cm (15.6 Inch) Display | Microsoft Office Home 2024 (Lifetime Validity ) + Microsoft 365 Basic*(1-Year Validity), One-Month Membership of Adobe Creative Cloud All Apps, McAfee 1 year | 1 Year Onsite Warranty"
Samsung Galaxy Book4 Metal Intel Core i5 13th Gen 1335U - (16 GB/512 GB SSD/Windows 11 Home) NP750XGJ ...,"₹50,990",In Stock,Samsung,4.4,"15,581 Ratings & 1,237 Reviews",None,None,No,Intel Core i5 Processor (13th Gen) | 16 GB LPDDR4X RAM | Windows 11 Operating System | 512 GB SSD | 39.62 cm (15.6 Inch) Display | 1 Year Manufacturer Warranty for Laptop and 6 Months for In-Box Accessories
HP OmniBook 7 Aero (Previously Pavilion) AMD Ryzen AI 5 Hexa Core AI 5 340 - (16 GB/512 GB SSD/Windows...,"₹62,990",In Stock,HP,4.4,33 Ratings & 3 Reviews,None,None,No,AMD Ryzen AI 5 Hexa Core Processor | 16 GB LPDDR5X RAM | Windows 11 Operating System | 512 GB SSD | 33.78 cm (13.3 Inch) Display | 1 Year Onsite Service
Lenovo 100e Chromebook Gen 4 MediaTek MediaTek Kompanio 528 - (4 GB/64 GB EMMC Storage/Chrome OS) 82W0...,"₹11,999",In Stock,Lenovo,3.9,"1,183 Ratings & 97 Reviews",None,None,No,MediaTek MediaTek Kompanio 528 Processor | 4 GB LPDDR4X RAM | Chrome Operating System | 29.46 cm (11.6 Inch) Display | 1 Year Carry-in Warranty
ASUS Vivobook 16 (2025) with Office 2024 + M365 Basic* Intel Core i5 13th Gen 13420H - (16 GB/512 GB S...,"₹55,847",In Stock,ASUS,4.5,131 Ratings & 9 Reviews,None,None,No,"Intel Core i5 Processor (13th Gen) | 16 GB DDR4 RAM | Windows 11 Home Operating System | 512 GB SSD | 40.64 cm (16 Inch) Display | Microsoft Office Home 2024 (Lifetime Validity ) + Microsoft 365 Basic*(1-Year Validity), McAfee 1 year | 1 Year Onsite Warranty"
ASUS TUF Gaming A16 (2025) AMD Ryzen 7 Hexa Core 7445HS - (16 GB/1 TB SSD/Windows 11 Home/6 GB Graphic...,"₹89,990",In Stock,ASUS,4.5,634 Ratings & 26 Reviews,None,None,No,"AMD Ryzen 7 Hexa Core Processor | 16 GB DDR5 RAM | Windows 11 Home Operating System | 1 TB SSD | 40.64 cm (16 Inch) Display | Microsoft Office Home 2024 (Lifetime Validity ) + Microsoft 365 Basic*(1-Year Validity), McAfee 1 year, Xbox Game Pass for 3 months | 1 Year Onsite Warranty"
HP 15s Metal Intel Core i3 13th Gen 1315U - (8 GB/512 GB SSD/Windows 11 Home) 15-hr0005TU Thin and Lig...,"₹41,990",In Stock,HP,4.3,38 Ratings & 2 Reviews,None,None,No,Intel Core i3 Processor (13th Gen) | 8 GB DDR4 RAM | Windows 11 Home Operating System | 512 GB SSD | 39.62 cm (15.6 Inch) Display | MS Office Home 2024 + MISC PC Game Pass DA 3M | 1 Year Onsite Warranty
HP Intel Core i7 13th Gen 13620H - (16 GB/512 GB SSD/Windows 11 Home) 15-fr0046TU Thin and Light Lapto...,"₹68,990",In Stock,HP,4.3,755 Ratings & 47 Reviews,None,None,No,Intel Core i7 Processor (13th Gen) | 16 GB DDR4 RAM | Windows 11 Home Operating System | 512 GB SSD | 39.62 cm (15.6 Inch) Display | 1 Year Onsite Warranty
ASUS Expertbook P3 Metal High-performance processor Intel Core i5 13th Gen 13420H - (16 GB/512 GB SSD/...,"₹61,548",In Stock,ASUS,4.3,319 Ratings & 24 Reviews,None,None,No,"Intel Core i5 Processor (13th Gen) | 16 GB DDR5 RAM | Windows 11 Home Operating System | 512 GB SSD | 35.56 cm (14 Inch) Display | Included Software- Microsoft Office Home 2024(includes Word, Excel, PowerPoint, and OneNote) (Lifetime Validity ) + Microsoft 365 Basic*(1-Year Validity), McAfee+TM Premium (1 year Validity) | 1 Year Onsite Warranty"
ASUS Chromebook CX15 Intel Celeron Dual Core N4500 - (4 GB/64 GB EMMC Storage/Chrome OS) CX1505CKA-S70...,"₹14,990",In Stock,ASUS,3.8,132 Ratings & 6 Reviews,None,None,No,Intel Celeron Dual Core Processor | 4 GB LPDDR4X RAM | Chrome Operating System | 39.62 cm (15.6 Inch) Display | 1 Year Onsite Warranty
Samsung Galaxy Book4 Edge Series Copilot AI-PC Full Metal Chasis Qualcomm Snapdragon X - (16 GB/512 GB...,"₹59,550",In Stock,Samsung,4.4,"2,345 Ratings & 207 Reviews",None,None,No,Qualcomm Snapdragon X Processor | 16 GB LPDDR5X RAM | 64 bit Windows 11 Operating System | 512 GB SSD | 39.62 cm (15.6 Inch) Display | MS Office Home and Student 2024 | 1 Year Manufacturer Warranty for Laptop and 6 Months for In-Box Accessories
HP MSO 2024 Intel Core i3 13th Gen 1315U - (16 GB/512 GB SSD/Windows 11 Home) 15-fd0574TU / 15 - fd066...,"₹42,990",In Stock,HP,4.2,"2,532 Ratings & 151 Reviews",None,None,No,Intel Core i3 Processor (13th Gen) | 16 GB DDR4 RAM | Windows 11 Home Operating System | 512 GB SSD | 39.62 cm (15.6 Inch) Display | MS Office Home 2024 + MISC PC Game Pass DA 3M | 1 Year Onsite Warranty
Acer Predator Helios 16 Intel Core i9 14th Gen 14900HX - (32 GB/1 TB SSD/Windows 11 Home/12 GB Graphic...,"₹2,43,000",In Stock,Acer,4.4,16 Ratings & 2 Reviews,None,None,No,Intel Core i9 Processor (14th Gen) | 32 GB DDR5 RAM | Windows 11 Operating System | 1 TB SSD | 40.64 cm (16 Inch) Display | 1 Year International Travelers Warranty (ITW)
ASUS Expertbook P1 Intel Core i3 13th Gen 1315U - (8 GB/512 GB SSD/Windows 11 Home) P1403CVA-S60343WS ...,"₹36,990",In Stock,ASUS,4.3,"4,481 Ratings & 380 Reviews",None,None,No,"Intel Core i3 Processor (13th Gen) | 8 GB DDR5 RAM | Windows 11 Home Operating System | 512 GB SSD | 35.56 cm (14 Inch) Display | Included Software- Microsoft Office Home 2024(includes Word, Excel, PowerPoint, and OneNote) (Lifetime Validity ) + Microsoft 365 Basic*(1-Year Validity), McAfee+TM Premium (1 year Validity) | 1 Year Onsite Warranty"
Lenovo IdeaPad Slim 3 Backlit Keyboard with MSO'2024 Intel Core i5 13th Gen 13420H - (24 GB/1 TB SSD/W...,"₹62,990",In Stock,Lenovo,4.4,79 Ratings & 3 Reviews,None,None,No,Intel Core i5 Processor (13th Gen) | 24 GB DDR5 RAM | Windows 11 Home Operating System | 1 TB SSD | 38.86 cm (15.3 Inch) Display | Office Home 2024 | 1 Year Onsite Warranty
GIGABYTE G Series Intel Core i7 13th Gen - (16 GB/512 GB SSD/Windows 11 Home/8 GB Graphics/NVIDIA GeFo...,"₹79,990",In Stock,GIGABYTE,4.5,70 Ratings & 11 Reviews,None,None,No,Intel Core i7 Processor (13th Gen) | 16 GB DDR5 RAM | Windows 11 Operating System | 512 GB SSD | 40.64 cm (16 Inch) Display | 2 Year
ASUS Vivobook Go 15 AMD Ryzen 3 Quad Core 7320U - (8 GB/512 GB SSD/Windows 11 Home) E1504FA-NJ130WS | ...,"₹32,630",In Stock,ASUS,4.3,"1,722 Ratings & 115 Reviews",None,None,No,AMD Ryzen 3 Quad Core Processor | 8 GB LPDDR5 RAM | Windows 11 Home Operating System | 512 GB SSD | 39.62 cm (15.6 Inch) Display | Microsoft Office Home 2024 + Microsoft 365 Basic | 1 Year Onsite Warranty
DELL 15 Intel Core i5 13th Gen - (16 GB/512 GB SSD/Windows 11 Home) Vostro 3530 RPL Laptop,"₹58,990",In Stock,DELL,4.2,713 Ratings & 39 Reviews,None,None,No,"Intel Core i5 Processor (13th Gen) | 16 GB DDR4 RAM | Windows 11 Operating System | 512 GB SSD | 39.62 cm (15.6 Inch) Display | My Dell (Dell Power Manager, Dell Support Assist), Office H&S 2024 | 1 Year Onsite Hardware Service"
Colorful P15 Intel Core i7 13th Gen 13620H - (16 GB/512 GB SSD/Windows 11 Home/8 GB Graphics/NVIDIA Ge...,"₹73,990",In Stock,Colorful,4.2,93 Ratings & 14 Reviews,None,None,No,Intel Core i7 Processor (13th Gen) | 16 GB DDR5 RAM | 64 bit Windows 11 Operating System | 512 GB SSD | 39.62 cm (15.6 Inch) Display | 2 Years Domestic Warranty and 1 Year Battery Domestic Warranty
HP Victus AMD Ryzen 7 Hexa Core 7445HS - (16 GB/512 GB SSD/Windows 11 Home/6 GB Graphics/NVIDIA GeForc...,"₹76,990",In Stock,HP,4.2,158 Ratings & 5 Reviews,None,None,No,AMD Ryzen 7 Hexa Core Processor | 16 GB DDR5 RAM | Windows 11 Home Operating System | 512 GB SSD | 39.62 cm (15.6 Inch) Display | 1 Year Onsite Warranty
Lenovo IdeaPad Slim 3 Next Gen AI PC WUXGA IPS Copilot + PC Qualcomm Snapdragon X - (16 GB/512 GB SSD/...,"₹50,990",In Stock,Lenovo,4.3,595 Ratings & 58 Reviews,None,None,No,Qualcomm Snapdragon X Processor | 16 GB LPDDR5X RAM | Windows 11 Home Operating System | 512 GB SSD | 38.86 cm (15.3 Inch) Display | Office Home 2024 | 1 Year Onsite Warranty
HP 15 Intel Core 3 100U - (8 GB/512 GB SSD/Windows 11 Home) 15-fd1253TU/ 15-fd1225TU Thin and Light La...,"₹39,990",In Stock,HP,4.2,"1,131 Ratings & 63 Reviews",None,None,No,Intel Core 3 Processor | 8 GB DDR4 RAM | Windows 11 Home Operating System | 512 GB SSD | 39.62 cm (15.6 Inch) Display | MS Office Home 2024 + MISC PC Game Pass DA 3M | 1 Year Onsite Warranty
"HP OmniBook 5 Backlit Keyboard & MSO'2024, Intel Core i5 13th Gen 1334U - (16 GB/512 GB SSD/Windows 11...","₹60,990",In Stock,HP,4.6,8 Ratings & 2 Reviews,None,None,No,Intel Core i5 Processor (13th Gen) | 16 GB LPDDR5X RAM | Windows 11 Operating System | 512 GB SSD | 40.64 cm (16 Inch) Display | 1 Year Onsite Service
HP Chromebook Intel Celeron Quad Core N4120 - (4 GB/64 GB EMMC Storage/Chrome OS) 14a-ca0504TU Chromeb...,"₹17,990",In Stock,HP,4.1,"2,232 Ratings & 156 Reviews",None,None,No,Intel Celeron Quad Core Processor | 4 GB LPDDR4 RAM | 64 bit Chrome Operating System | 35.56 cm (14 Inch) Touchscreen Display | 1 Year Onsite warranty
ASUS Chromebook CX14 Intel Celeron Dual Core N4500 - (4 GB/64 GB EMMC Storage/Chrome OS) CX1405CKA-NK0...,"₹13,999",In Stock,ASUS,3.9,230 Ratings & 15 Reviews,None,None,No,Intel Celeron Dual Core Processor | 4 GB LPDDR4X RAM | Chrome Operating System | 35.56 cm (14 Inch) Display | MyASUS | 1 Year Onsite Warranty
HP Victus AI 31 TOPS AMD Ryzen 5 Hexa Core 8645HS - (16 GB/512 GB SSD/Windows 11 Home/4 GB Graphics/NV...,"₹57,990",In Stock,HP,4.3,456 Ratings & 40 Reviews,None,None,No,AMD Ryzen 5 Hexa Core Processor | 16 GB DDR5 RAM | Windows 11 Home Operating System | 512 GB SSD | 39.62 cm (15.6 Inch) Display | 1 Year Onsite Warranty
Samsung Galaxy Book4 Metal Intel Core i5 13th Gen 1335U - (8 GB/512 GB SSD/Windows 11 Home) NP750XGJ-K...,"₹47,730",In Stock,Samsung,4.4,"15,581 Ratings & 1,237 Reviews",None,None,No,Intel Core i5 Processor (13th Gen) | 8 GB LPDDR4X RAM | Windows 11 Operating System | 512 GB SSD | 39.62 cm (15.6 Inch) Display | 1 Year Manufacturer Warranty for Laptop and 6 Months for In-Box Accessories
"ASUS Vivobook 15 (2025) with Office 2024 + M365 Basic*, Backlit Keyboard, Intel Core i5 13th Gen 1335U...","₹45,990",In Stock,ASUS,4.4,105 Ratings & 4 Reviews,None,None,No,"Intel Core i5 Processor (13th Gen) | 16 GB DDR4 RAM | Windows 11 Home Operating System | 512 GB SSD | 39.62 cm (15.6 Inch) Display | Microsoft Office Home 2024 (Lifetime Validity ) + Microsoft 365 Basic*(1-Year Validity), One-Month Membership of Adobe Creative Cloud All Apps, McAfee 1 year | 1 Year Onsite Warranty"
Lenovo IdeaPad Slim 3 Backlit Keyboard with MSO'2024 Intel Core i5 13th Gen 13420H - (16 GB/512 GB SSD...,"₹57,990",In Stock,Lenovo,4.4,79 Ratings & 3 Reviews,None,None,No,Intel Core i5 Processor (13th Gen) | 16 GB DDR5 RAM | Windows 11 Home Operating System | 512 GB SSD | 35.56 cm (14 Inch) Display | Office Home 2024 | 1 Year Onsite Warranty
"ASUS Vivobook S14 (2025) with Office 2024 + M365 Basic*, AI PC, Backlit Keyboard, Intel Core Ultra 5 2...","₹72,990",In Stock,ASUS,4.3,47 Ratings & 5 Reviews,None,None,No,"Intel Core Ultra 5 Processor | 16 GB DDR5 RAM | Windows 11 Home Operating System | 512 GB SSD | 35.56 cm (14 Inch) Display | Microsoft Office Home 2024 (Lifetime Validity ) + Microsoft 365 Basic*(1-Year Validity), One-Month Membership of Adobe Creative Cloud All Apps, McAfee 1 year | 1 Year Onsite Warranty"
HP 15s Metal Intel Core i3 13th Gen 1315U - (8 GB/512 GB SSD/Windows 11 Home) 15-hr0005TU Thin and Lig...,"₹41,990",In Stock,HP,4.3,38 Ratings & 2 Reviews,None,None,No,Intel Core i3 Processor (13th Gen) | 8 GB DDR4 RAM | Windows 11 Home Operating System | 512 GB SSD | 39.62 cm (15.6 Inch) Display | MS Office Home 2024 + MISC PC Game Pass DA 3M | 1 Year Onsite Warranty
HP Intel Core i7 13th Gen 13620H - (16 GB/512 GB SSD/Windows 11 Home) 15-fr0046TU Thin and Light Lapto...,"₹68,990",In Stock,HP,4.3,755 Ratings & 47 Reviews,None,None,No,Intel Core i7 Processor (13th Gen) | 16 GB DDR4 RAM | Windows 11 Home Operating System | 512 GB SSD | 39.62 cm (15.6 Inch) Display | 1 Year Onsite Warranty
Acer Aspire 3 Backlit AMD Ryzen 7 Octa Core 7730U - (16 GB/1 TB SSD/Windows 11 Home) A325-42 / AS15-42...,"₹45,888",In Stock,Acer,4.1,"1,657 Ratings & 125 Reviews",None,None,No,AMD Ryzen 7 Octa Core Processor | 16 GB DDR4 RAM | Windows 11 Operating System | 1 TB SSD | 39.62 cm (15.6 Inch) Display | 1 Year Carry-in Warranty
MOTOROLA Motobook 60 Pro Full Metal OLED AI PC Intel Core Ultra 7 255 H - (32 GB/1 TB SSD/Windows 11 H...,"₹82,990",In Stock,MOTOROLA,4.5,91 Ratings & 14 Reviews,None,None,No,Intel Core Ultra 7 Processor | 32 GB DDR5 RAM | 64 bit Windows 11 Operating System | 1 TB SSD | 35.56 cm (14 Inch) Display | Office Home & Student 2024 | 1 Year Warranty
Samsung Galaxy Book5 AI Metal Intel Core Ultra 7 255U - (16 GB/512 GB SSD/Windows 11 Home) NP750XHD Th...,"₹81,390",In Stock,Samsung,4.5,241 Ratings & 34 Reviews,None,None,No,Intel Core Ultra 7 Processor | 16 GB LPDDR5X RAM | 64 bit Windows 11 Operating System | 512 GB SSD | 39.62 cm (15.6 Inch) Display | MS Office Home and Student 2024 | 1 Year Manufacturer Warranty for Laptop and 6 Months for In-Box Accessories
Lenovo IdeaPad Slim 3 Intel Core i5 12th Gen 12450H - (16 GB/512 GB SSD/Windows 11 Home) 15IAH8 Thin a...,"₹52,490",In Stock,Lenovo,4.1,54 Ratings & 4 Reviews,None,None,No,Intel Core i5 Processor (12th Gen) | 16 GB LPDDR5 RAM | Windows 11 Operating System | 512 GB SSD | 39.62 cm (15.6 Inch) Display | 1 Yr. Onsite + 1 Yr. Accidental Damage Protection
Samsung Galaxy Book4 Edge Series Copilot AI-PC Full Metal Chasis Qualcomm Snapdragon X - (16 GB/512 GB...,"₹59,550",In Stock,Samsung,4.4,"2,345 Ratings & 207 Reviews",None,None,No,Qualcomm Snapdragon X Processor | 16 GB LPDDR5X RAM | 64 bit Windows 11 Operating System | 512 GB SSD | 39.62 cm (15.6 Inch) Display | MS Office Home and Student 2024 | 1 Year Manufacturer Warranty for Laptop and 6 Months for In-Box Accessories
HP MSO 2024 Intel Core i3 13th Gen 1315U - (16 GB/512 GB SSD/Windows 11 Home) 15-fd0574TU / 15 - fd066...,"₹42,990",In Stock,HP,4.2,"2,532 Ratings & 151 Reviews",None,None,No,Intel Core i3 Processor (13th Gen) | 16 GB DDR4 RAM | Windows 11 Home Operating System | 512 GB SSD | 39.62 cm (15.6 Inch) Display | MS Office Home 2024 + MISC PC Game Pass DA 3M | 1 Year Onsite Warranty
Lenovo LOQ Essential Intel Core i5 12th Gen 12450HX - (16 GB/512 GB SSD/Windows 11 Home/4 GB Graphics/...,"₹68,980",In Stock,Lenovo,3.9,217 Ratings & 16 Reviews,None,None,No,Intel Core i5 Processor (12th Gen) | 16 GB DDR5 RAM | Windows 11 Home Operating System | 512 GB SSD | 39.62 cm (15.6 Inch) Display | Microsoft Office Home 2024 | 1 Year Onsite Warranty
Acer Aspire 3 Intel Pentium Quad Core 12th Gen N100 - (8 GB/512 GB SSD/Windows 11 Home) A324-31 Thin a...,"₹27,990",In Stock,Acer,4.1,659 Ratings & 34 Reviews,None,None,No,Intel Pentium Quad Core Processor (12th Gen) | 8 GB DDR4 RAM | Windows 11 Operating System | 512 GB SSD | 35.56 cm (14 Inch) Display | 1 Year Carry-in Warranty
ASUS Vivobook Go 15 AMD Ryzen 3 Quad Core 7320U - (8 GB/512 GB SSD/Windows 11 Home) E1504FA-NJ130WS | ...,"₹32,630",In Stock,ASUS,4.3,"1,722 Ratings & 115 Reviews",None,None,No,AMD Ryzen 3 Quad Core Processor | 8 GB LPDDR5 RAM | Windows 11 Home Operating System | 512 GB SSD | 39.62 cm (15.6 Inch) Display | Microsoft Office Home 2024 + Microsoft 365 Basic | 1 Year Onsite Warranty
DELL 15 Intel Core i5 13th Gen - (16 GB/512 GB SSD/Windows 11 Home) Vostro 3530 RPL Laptop,"₹58,990",In Stock,DELL,4.2,713 Ratings & 39 Reviews,None,None,No,"Intel Core i5 Processor (13th Gen) | 16 GB DDR4 RAM | Windows 11 Operating System | 512 GB SSD | 39.62 cm (15.6 Inch) Display | My Dell (Dell Power Manager, Dell Support Assist), Office H&S 2024 | 1 Year Onsite Hardware Service"
"ASUS Vivobook 15 (2025) with Office 2024 + M365 Basic*, AMD Ryzen 7 Octa Core 7730U - (16 GB/512 GB SS...","₹49,590",In Stock,ASUS,4.1,60 Ratings & 2 Reviews,None,None,No,"AMD Ryzen 7 Octa Core Processor | 16 GB DDR4 RAM | Windows 11 Home Operating System | 512 GB SSD | 39.62 cm (15.6 Inch) Display | Microsoft Office Home 2024 (Lifetime Validity ) + Microsoft 365 Basic*(1-Year Validity), One-Month Membership of Adobe Creative Cloud All Apps, McAfee 1 year | 1 Year Onsite Warranty"
DELL Inspiron 15 with Backlit Keyboard Intel Core i7 13th Gen 1355U - (16 GB/512 GB SSD/Windows 11 Hom...,"₹69,990",In Stock,DELL,4.1,61 Ratings & 3 Reviews,None,None,No,"Intel Core i7 Processor (13th Gen) | 16 GB DDR4 RAM | Windows 11 Operating System | 512 GB SSD | 39.62 cm (15.6 Inch) Display | My Dell (Dell Power Manager,Dell Support Assist) | 1 Year Onsite Hardware Service"
ASUS Chromebook CX15 Intel Celeron Dual Core N4500 - (4 GB/64 GB EMMC Storage/Chrome OS) CX1505CKA-S70...,"₹14,990",In Stock,ASUS,4.1,63 Ratings & 5 Reviews,None,None,No,Intel Celeron Dual Core Processor | 4 GB LPDDR4X RAM | Chrome Operating System | 39.62 cm (15.6 Inch) Display | 1 Year Onsite Warranty
Apple MacBook Air M4 - (16 GB/256 GB SSD/macOS Sequoia) MC6T4HN/A,"₹90,990",In Stock,Apple,4.7,"2,268 Ratings & 155 Reviews",None,None,No,"Apple M4 Processor | 16 GB Unified Memory RAM | Mac OS Operating System | 256 GB SSD | 34.54 cm (13.6 Inch) Display | Built-in Apps: App Store, Books, Calendar, Contacts, FaceTime, Find My, Freeform, GarageBand, Home, iMovie, iPhone Mirroring, Keynote, Mail, Maps, Messages, Music, Notes, Numbers, Pages, Passwords, Photo Booth, Photos, Podcasts, Preview, QuickTime Player, Reminders, Safari, Shortcuts, Stocks, Time Machine, Tips, TV, Voice Memos, Weather | 1 Year Limited Warranty"
Lenovo IdeaPad Slim 3 Next Gen AI PC WUXGA IPS Copilot + PC Qualcomm Snapdragon X - (16 GB/512 GB SSD/...,"₹50,990",In Stock,Lenovo,4.3,595 Ratings & 58 Reviews,None,None,No,Qualcomm Snapdragon X Processor | 16 GB LPDDR5X RAM | Windows 11 Home Operating System | 512 GB SSD | 38.86 cm (15.3 Inch) Display | Office Home 2024 | 1 Year Onsite Warranty
HP 15 Intel Core 3 100U - (8 GB/512 GB SSD/Windows 11 Home) 15-fd1253TU/ 15-fd1225TU Thin and Light La...,"₹39,990",In Stock,HP,4.2,"1,131 Ratings & 63 Reviews",None,None,No,Intel Core 3 Processor | 8 GB DDR4 RAM | Windows 11 Home Operating System | 512 GB SSD | 39.62 cm (15.6 Inch) Display | MS Office Home 2024 + MISC PC Game Pass DA 3M | 1 Year Onsite Warranty
Lenovo Chromebook Intel Pentium Quad Core N100 - (4 GB/128 GB EMMC Storage/Chrome OS) 14IAN8 Chromeboo...,"₹14,990",In Stock,Lenovo,3.9,51 Ratings & 4 Reviews,None,None,No,Intel Pentium Quad Core Processor | 4 GB LPDDR5 RAM | Chrome Operating System | 35.56 cm (14 Inch) Display | 1 Year Carry-in Warranty
Acer Aspire 3 Intel Pentium Quad Core 12th Gen N100 - (16 GB/512 GB SSD/Windows 11 Home) A324-31 Thin ...,"₹29,990",In Stock,Acer,4.1,659 Ratings & 34 Reviews,None,None,No,Intel Pentium Quad Core Processor (12th Gen) | 16 GB DDR4 RAM | Windows 11 Operating System | 512 GB SSD | 35.56 cm (14 Inch) Display | 1 Year Carry-in Warranty
"ASUS Vivobook 15 (2025) with Office 2024 + M365 Basic*, Backlit Keyboard, Intel Core i5 13th Gen 1335U...","₹45,990",In Stock,ASUS,4.4,105 Ratings & 4 Reviews,None,None,No,"Intel Core i5 Processor (13th Gen) | 16 GB DDR4 RAM | Windows 11 Home Operating System | 512 GB SSD | 39.62 cm (15.6 Inch) Display | Microsoft Office Home 2024 (Lifetime Validity ) + Microsoft 365 Basic*(1-Year Validity), One-Month Membership of Adobe Creative Cloud All Apps, McAfee 1 year | 1 Year Onsite Warranty"
Samsung Galaxy Book4 Metal Intel Core i5 13th Gen 1335U - (16 GB/512 GB SSD/Windows 11 Home) NP750XGJ ...,"₹50,990",In Stock,Samsung,4.4,"15,581 Ratings & 1,237 Reviews",None,None,No,Intel Core i5 Processor (13th Gen) | 16 GB LPDDR4X RAM | Windows 11 Operating System | 512 GB SSD | 39.62 cm (15.6 Inch) Display | 1 Year Manufacturer Warranty for Laptop and 6 Months for In-Box Accessories
ASUS Vivobook S14 (2025)(i5 14th Gen) with Office 2024 + M365 Basic* Backlit Keyboard Intel Core 5 210...,"₹64,190",In Stock,ASUS,4.2,69 Ratings & 5 Reviews,None,None,No,"Intel Core 5 Processor | 16 GB DDR5 RAM | Windows 11 Home Operating System | 512 GB SSD | 35.56 cm (14 Inch) Display | Microsoft Office Home 2024 (Lifetime Validity ) + Microsoft 365 Basic*(1-Year Validity), One-Month Membership of Adobe Creative Cloud All Apps, McAfee 1 year | 1 Year Onsite Warranty"
"ASUS Vivobook 15 (2025) with Office 2024 + M365 Basic*, Intel Core i3 13th Gen 1315U - (16 GB/512 GB S...","₹37,990",In Stock,ASUS,None,None,None,None,No,"Intel Core i3 Processor (13th Gen) | 16 GB DDR4 RAM | Windows 11 Home Operating System | 512 GB SSD | 39.62 cm (15.6 Inch) Display | Microsoft Office Home 2024 (Lifetime Validity ) + Microsoft 365 Basic*(1-Year Validity), One-Month Membership of Adobe Creative Cloud All Apps, McAfee 1 year | 1 Year Onsite Warranty"
Prittec Intel Celeron Dual Core N4200 - (8 GB/256 GB SSD/Windows 11 Home) N140P01 Laptop,"₹17,998",In Stock,Prittec,4.3,8 Ratings & 4 Reviews,None,None,No,Intel Celeron Dual Core Processor | 8 GB DDR4 RAM | Windows 11 Operating System | 256 GB SSD | 35.56 cm (14 Inch) Display | 1 Year Manufacturer Warranty
DELL Inspiron with Backlit Keyboard and Fingerprint Sensor Intel Core Ultra 5 125H - (16 GB/512 GB SSD...,"₹84,990",In Stock,DELL,4.3,53 Ratings & 2 Reviews,None,None,No,"Intel Core Ultra 5 Processor | 16 GB LPDDR5 RAM | Windows 11 Operating System | 512 GB SSD | 40.64 cm (16 Inch) Display | Dell Power Manager, Support Assist | 1 Year Onsite Hardware Service"
HP 15s Metal Intel Core i3 13th Gen 1315U - (8 GB/512 GB SSD/Windows 11 Home) 15-hr0005TU Thin and Lig...,"₹41,990",In Stock,HP,4.3,38 Ratings & 2 Reviews,None,None,No,Intel Core i3 Processor (13th Gen) | 8 GB DDR4 RAM | Windows 11 Home Operating System | 512 GB SSD | 39.62 cm (15.6 Inch) Display | MS Office Home 2024 + MISC PC Game Pass DA 3M | 1 Year Onsite Warranty
HP Intel Core i7 13th Gen 13620H - (16 GB/512 GB SSD/Windows 11 Home) 15-fr0046TU Thin and Light Lapto...,"₹68,990",In Stock,HP,4.3,755 Ratings & 47 Reviews,None,None,No,Intel Core i7 Processor (13th Gen) | 16 GB DDR4 RAM | Windows 11 Home Operating System | 512 GB SSD | 39.62 cm (15.6 Inch) Display | 1 Year Onsite Warranty
"HP Professional 14, Intel Core i5 13th Gen 1334U Turbo Boost, Finger Print and Backlite Keyboard - (16...","₹57,810",In Stock,HP,4.5,26 Ratings & 6 Reviews,None,None,No,Intel Core i5 Processor (13th Gen) | 16 GB DDR4X RAM | 64 bit Windows 11 Operating System | 512 GB SSD | 35.56 cm (14 Inch) Display | MS OFFICE | 1-Year(DOMESTIC)
"ASUS Vivobook 15, with Backlit Keyboard, Intel Core i7 13th Gen 13620H - (16 GB/512 GB SSD/Windows 11 ...","₹62,990",In Stock,ASUS,4.3,565 Ratings & 35 Reviews,None,None,No,Intel Core i7 Processor (13th Gen) | 16 GB DDR4 RAM | Windows 11 Home Operating System | 512 GB SSD | 39.62 cm (15.6 Inch) Display | 1 Year Onsite Warranty
Samsung Galaxy Book4 Edge Series Copilot AI-PC Full Metal Chasis Qualcomm Snapdragon X - (16 GB/512 GB...,"₹59,550",In Stock,Samsung,4.4,"2,345 Ratings & 207 Reviews",None,None,No,Qualcomm Snapdragon X Processor | 16 GB LPDDR5X RAM | 64 bit Windows 11 Operating System | 512 GB SSD | 39.62 cm (15.6 Inch) Display | MS Office Home and Student 2024 | 1 Year Manufacturer Warranty for Laptop and 6 Months for In-Box Accessories
HP MSO 2024 Intel Core i3 13th Gen 1315U - (16 GB/512 GB SSD/Windows 11 Home) 15-fd0574TU / 15 - fd066...,"₹42,990",In Stock,HP,4.2,"2,532 Ratings & 151 Reviews",None,None,No,Intel Core i3 Processor (13th Gen) | 16 GB DDR4 RAM | Windows 11 Home Operating System | 512 GB SSD | 39.62 cm (15.6 Inch) Display | MS Office Home 2024 + MISC PC Game Pass DA 3M | 1 Year Onsite Warranty
Acer Aspire Lite Intel Core i5 12th Gen 12450H - (16 GB/1 TB SSD/Windows 11 Home) AL15-52H Thin and Li...,"₹49,990",In Stock,Acer,4.1,"2,272 Ratings & 198 Reviews",None,None,No,Intel Core i5 Processor (12th Gen) | 16 GB LPDDR5 RAM | 64 bit Windows 11 Home Operating System | 1 TB SSD | 39.62 cm (15.6 Inch) Display | 1 Year Onsite warranty
Apple MacBook Air M4 - (16 GB/256 GB SSD/macOS Sequoia) MW123HN/A,"₹90,990",In Stock,Apple,4.7,"2,268 Ratings & 155 Reviews",None,None,No,"Apple M4 Processor | 16 GB Unified Memory RAM | Mac OS Operating System | 256 GB SSD | 34.54 cm (13.6 Inch) Display | Built-in Apps: App Store, Books, Calendar, Contacts, FaceTime, Find My, Freeform, GarageBand, Home, iMovie, iPhone Mirroring, Keynote, Mail, Maps, Messages, Music, Notes, Numbers, Pages, Passwords, Photo Booth, Photos, Podcasts, Preview, QuickTime Player, Reminders, Safari, Shortcuts, Stocks, Time Machine, Tips, TV, Voice Memos, Weather | 1 Year Limited Warranty"
Acer Aspire 3 Intel Celeron Dual Core - (8 GB/256 GB SSD/Windows 11 Home) A311-45 Thin and Light Lapto...,"₹19,590",In Stock,Acer,3.8,"7,961 Ratings & 696 Reviews",None,None,No,Intel Celeron Dual Core Processor | 8 GB DDR4 RAM | 64 bit Windows 11 Home Operating System | 256 GB SSD | 29.46 cm (11.6 Inch) Display | 1 Year Warranty
DELL Inspiron 15 Intel Core i5 13th Gen 1334U - (8 GB/512 GB SSD/Windows 11 Home) 3530 Thin and Light ...,"₹53,990",In Stock,DELL,4.2,410 Ratings & 20 Reviews,None,None,No,"Intel Core i5 Processor (13th Gen) | 8 GB DDR4 RAM | 64 bit Windows 11 Operating System | 512 GB SSD | 39.62 cm (15.6 Inch) Display | My Dell (Dell Power Manager,Dell Support Assist) | 1 Year Onsite Hardware Service"
ASUS Vivobook Go 15 AMD Ryzen 3 Quad Core 7320U - (8 GB/512 GB SSD/Windows 11 Home) E1504FA-NJ130WS | ...,"₹32,630",In Stock,ASUS,4.3,"1,722 Ratings & 115 Reviews",None,None,No,AMD Ryzen 3 Quad Core Processor | 8 GB LPDDR5 RAM | Windows 11 Home Operating System | 512 GB SSD | 39.62 cm (15.6 Inch) Display | Microsoft Office Home 2024 + Microsoft 365 Basic | 1 Year Onsite Warranty
DELL 15 Intel Core i5 13th Gen - (16 GB/512 GB SSD/Windows 11 Home) Vostro 3530 RPL Laptop,"₹58,990",In Stock,DELL,4.2,713 Ratings & 39 Reviews,None,None,No,"Intel Core i5 Processor (13th Gen) | 16 GB DDR4 RAM | Windows 11 Operating System | 512 GB SSD | 39.62 cm (15.6 Inch) Display | My Dell (Dell Power Manager, Dell Support Assist), Office H&S 2024 | 1 Year Onsite Hardware Service"
MOTOROLA Motobook 60 Pro Full Metal OLED AI PC Intel Core Ultra 7 255 H - (32 GB/1 TB SSD/Windows 11 H...,"₹82,990",In Stock,MOTOROLA,4.5,91 Ratings & 14 Reviews,None,None,No,Intel Core Ultra 7 Processor | 32 GB DDR5 RAM | 64 bit Windows 11 Operating System | 1 TB SSD | 35.56 cm (14 Inch) Display | Office Home & Student 2024 | 1 Year Warranty
Acer Aspire 3 Intel Celeron Dual Core - (8 GB/512 GB SSD/Windows 11 Home) A311-45 Thin and Light Lapto...,"₹23,590",In Stock,Acer,3.8,"7,961 Ratings & 696 Reviews",None,None,No,Intel Celeron Dual Core Processor | 8 GB DDR4 RAM | 64 bit Windows 11 Home Operating System | 512 GB SSD | 29.46 cm (11.6 Inch) Display | 1 Year Warranty
Lenovo IdeaPad Slim 3 Next Gen AI PC WUXGA IPS Copilot + PC Qualcomm Snapdragon X - (16 GB/512 GB SSD/...,"₹50,990",In Stock,Lenovo,4.3,595 Ratings & 58 Reviews,None,None,No,Qualcomm Snapdragon X Processor | 16 GB LPDDR5X RAM | Windows 11 Home Operating System | 512 GB SSD | 38.86 cm (15.3 Inch) Display | Office Home 2024 | 1 Year Onsite Warranty
HP 15 Intel Core 3 100U - (8 GB/512 GB SSD/Windows 11 Home) 15-fd1253TU/ 15-fd1225TU Thin and Light La...,"₹39,990",In Stock,HP,4.2,"1,131 Ratings & 63 Reviews",None,None,No,Intel Core 3 Processor | 8 GB DDR4 RAM | Windows 11 Home Operating System | 512 GB SSD | 39.62 cm (15.6 Inch) Display | MS Office Home 2024 + MISC PC Game Pass DA 3M | 1 Year Onsite Warranty
HP 15 Intel Core i3 13th Gen 1315U - (16 GB/512 GB SSD/Windows 11 Home) 15-fd0668TU Thin and Light Lap...,"₹45,970",In Stock,HP,4.1,742 Ratings & 46 Reviews,None,None,No,Intel Core i3 Processor (13th Gen) | 16 GB DDR4 RAM | Windows 11 Home Operating System | 512 GB SSD | 39.62 cm (15.6 Inch) Display | 1 Year Onsite Warranty
ASUS Vivobook Go 15 AMD Ryzen 5 Quad Core 7520U - (8 GB/512 GB SSD/Windows 11 Home) E1504FA-NJ132WS | ...,"₹36,990",In Stock,ASUS,4.3,"1,067 Ratings & 53 Reviews",None,None,No,AMD Ryzen 5 Quad Core Processor | 8 GB LPDDR5 RAM | Windows 11 Home Operating System | 512 GB SSD | 39.62 cm (15.6 Inch) Display | Microsoft Office Home 2024 + Microsoft 365 Basic | 1 Year Onsite Warranty
Lenovo IdeaPad Slim 1 AMD Ryzen 5 Hexa Core 5500U - (16 GB/512 GB SSD/Windows 11 Home) 15ALC7 Thin and...,"₹40,990",In Stock,Lenovo,4.2,"7,052 Ratings & 575 Reviews",None,None,No,AMD Ryzen 5 Hexa Core Processor | 16 GB DDR4 RAM | Windows 11 Operating System | 512 GB SSD | 39.62 cm (15.6 Inch) Display | Microsoft Office Home & Student 2021 | 1 Year Onsite Warranty
DELL Intel Core i3 13th Gen - (8 GB/512 GB SSD/Windows 11 Home) 3530 Thin and Light Laptop,"₹37,990",In Stock,DELL,4.2,288 Ratings & 25 Reviews,None,None,No,Intel Core i3 Processor (13th Gen) | 8 GB DDR4 RAM | Windows 11 Operating System | 512 GB SSD | 39.62 cm (15.6 Inch) Display | 1 year domestic warranty
"ASUS Vivobook 15 (2025) with Office 2024 + M365 Basic*, Backlit Keyboard, Intel Core i5 13th Gen 1335U...","₹45,990",In Stock,ASUS,4.4,105 Ratings & 4 Reviews,None,None,No,"Intel Core i5 Processor (13th Gen) | 16 GB DDR4 RAM | Windows 11 Home Operating System | 512 GB SSD | 39.62 cm (15.6 Inch) Display | Microsoft Office Home 2024 (Lifetime Validity ) + Microsoft 365 Basic*(1-Year Validity), One-Month Membership of Adobe Creative Cloud All Apps, McAfee 1 year | 1 Year Onsite Warranty"
Samsung Galaxy Book4 Metal Intel Core i5 13th Gen 1335U - (16 GB/512 GB SSD/Windows 11 Home) NP750XGJ ...,"₹50,990",In Stock,Samsung,4.4,"15,581 Ratings & 1,237 Reviews",None,None,No,Intel Core i5 Processor (13th Gen) | 16 GB LPDDR4X RAM | Windows 11 Operating System | 512 GB SSD | 39.62 cm (15.6 Inch) Display | 1 Year Manufacturer Warranty for Laptop and 6 Months for In-Box Accessories
Lenovo Chromebook MediaTek Kompanio 520 - (4 GB/128 GB EMMC Storage/Chrome OS) 14M868 Chromebook,"₹14,999",In Stock,Lenovo,3.9,"3,523 Ratings & 313 Reviews",None,None,No,MediaTek Kompanio 520 Processor | 4 GB LPDDR4X RAM | Chrome Operating System | 35.56 cm (14 Inch) Display | 1 Year Carry-in Warranty
"ASUS Vivobook S15, A-Part Metal Body, Backlit Keyboard, Intel Core i9 13th Gen 13900H - (16 GB/512 GB ...","₹72,990",In Stock,ASUS,4.4,160 Ratings & 13 Reviews,None,None,No,Intel Core i9 Processor (13th Gen) | 16 GB LPDDR5 RAM | Windows 11 Operating System | 512 GB SSD | 39.62 cm (15.6 Inch) Display | 1 Year Onsite Warranty
HP 15s Metal Intel Core i3 13th Gen 1315U - (8 GB/512 GB SSD/Windows 11 Home) 15-hr0005TU Thin and Lig...,"₹41,990",In Stock,HP,4.3,38 Ratings & 2 Reviews,None,None,No,Intel Core i3 Processor (13th Gen) | 8 GB DDR4 RAM | Windows 11 Home Operating System | 512 GB SSD | 39.62 cm (15.6 Inch) Display | MS Office Home 2024 + MISC PC Game Pass DA 3M | 1 Year Onsite Warranty
HP Intel Core i7 13th Gen 13620H - (16 GB/512 GB SSD/Windows 11 Home) 15-fr0046TU Thin and Light Lapto...,"₹68,990",In Stock,HP,4.3,755 Ratings & 47 Reviews,None,None,No,Intel Core i7 Processor (13th Gen) | 16 GB DDR4 RAM | Windows 11 Home Operating System | 512 GB SSD | 39.62 cm (15.6 Inch) Display | 1 Year Onsite Warranty
"ASUS Vivobook 15, with Backlit Keyboard, Intel Core i5 12th Gen 1235U - (16 GB/512 GB SSD/Windows 11 H...","₹46,990",In Stock,ASUS,4.2,"8,777 Ratings & 485 Reviews",None,None,No,Intel Core i5 Processor (12th Gen) | 16 GB DDR4 RAM | Windows 11 Operating System | 512 GB SSD | 39.62 cm (15.6 Inch) Display | 1 Year Onsite Warranty
DELL G15 Intel Core i7 13th Gen 13650HX - (16 GB/512 GB SSD/Windows 11 Home/6 GB Graphics/NVIDIA GeFor...,"₹1,07,390",In Stock,DELL,4.1,30 Ratings & 2 Reviews,None,None,No,"Intel Core i7 Processor (13th Gen) | 16 GB DDR5 RAM | Windows 11 Operating System | 512 GB SSD | 39.62 cm (15.6 Inch) Display | Alienware Command Center,Dell Support Assist) | 1 Year Basic Onsite Service after remote diagnosis with Hardware-Only Support"
Acer Aspire Lite AMD Ryzen 3 Quad Core 5300U - (8 GB/512 GB SSD/Windows 11 Home) AL15-41 Thin and Ligh...,"₹31,990",In Stock,Acer,4.1,"1,384 Ratings & 101 Reviews",None,None,No,AMD Ryzen 3 Quad Core Processor | 8 GB DDR4 RAM | Windows 11 Operating System | 512 GB SSD | 39.62 cm (15.6 Inch) Display | 1 Year Carry-in Warranty
Acer Chromebook Intel Celeron Dual Core N4020 - (4 GB/64 GB EMMC Storage/Chrome OS) CB314-1H Chromeboo...,"₹23,699",In Stock,Acer,4,101 Ratings & 10 Reviews,None,None,No,Intel Celeron Dual Core Processor | 4 GB LPDDR4 RAM | Chrome Operating System | 35.56 cm (14 Inch) Display | 1 Year Onsite Warranty
Samsung Galaxy Book4 Edge Series Copilot AI-PC Full Metal Chasis Qualcomm Snapdragon X - (16 GB/512 GB...,"₹59,550",In Stock,Samsung,4.4,"2,345 Ratings & 207 Reviews",None,None,No,Qualcomm Snapdragon X Processor | 16 GB LPDDR5X RAM | 64 bit Windows 11 Operating System | 512 GB SSD | 39.62 cm (15.6 Inch) Display | MS Office Home and Student 2024 | 1 Year Manufacturer Warranty for Laptop and 6 Months for In-Box Accessories
HP MSO 2024 Intel Core i3 13th Gen 1315U - (16 GB/512 GB SSD/Windows 11 Home) 15-fd0574TU / 15 - fd066...,"₹42,990",In Stock,HP,4.2,"2,532 Ratings & 151 Reviews",None,None,No,Intel Core i3 Processor (13th Gen) | 16 GB DDR4 RAM | Windows 11 Home Operating System | 512 GB SSD | 39.62 cm (15.6 Inch) Display | MS Office Home 2024 + MISC PC Game Pass DA 3M | 1 Year Onsite Warranty
Acer Predator Helios 16 Intel Core i7 14th Gen 14700HX - (16 GB/1 TB SSD/Windows 11 Home/8 GB Graphics...,"₹1,37,990",In Stock,Acer,4.2,13 Ratings & 3 Reviews,None,None,No,Intel Core i7 Processor (14th Gen) | 16 GB DDR5 RAM | Windows 11 Operating System | 1 TB SSD | 40.64 cm (16 Inch) Display | 1 Year International Travelers Warranty (ITW)
"ASUS Vivobook 15 (2025) with Office 2024 + M365 Basic*, Intel Core i3 13th Gen 1315U - (8 GB/512 GB SS...","₹35,990",In Stock,ASUS,None,None,None,None,No,"Intel Core i3 Processor (13th Gen) | 8 GB DDR4 RAM | Windows 11 Home Operating System | 512 GB SSD | 39.62 cm (15.6 Inch) Display | Microsoft Office Home 2024 (Lifetime Validity ) + Microsoft 365 Basic*(1-Year Validity), One-Month Membership of Adobe Creative Cloud All Apps, McAfee 1 year | 1 Year Onsite Warranty"
ASUS Vivobook Go 15 AMD Ryzen 3 Quad Core 7320U - (8 GB/512 GB SSD/Windows 11 Home) E1504FA-NJ130WS | ...,"₹32,630",In Stock,ASUS,4.3,"1,722 Ratings & 115 Reviews",None,None,No,AMD Ryzen 3 Quad Core Processor | 8 GB LPDDR5 RAM | Windows 11 Home Operating System | 512 GB SSD | 39.62 cm (15.6 Inch) Display | Microsoft Office Home 2024 + Microsoft 365 Basic | 1 Year Onsite Warranty
DELL 15 Intel Core i5 13th Gen - (16 GB/512 GB SSD/Windows 11 Home) Vostro 3530 RPL Laptop,"₹58,990",In Stock,DELL,4.2,713 Ratings & 39 Reviews,None,None,No,"Intel Core i5 Processor (13th Gen) | 16 GB DDR4 RAM | Windows 11 Operating System | 512 GB SSD | 39.62 cm (15.6 Inch) Display | My Dell (Dell Power Manager, Dell Support Assist), Office H&S 2024 | 1 Year Onsite Hardware Service"
Lenovo IdeaPad Slim 5 WUXGA IPS Office 2024 Full Metal Body AMD Ryzen 7 Octa Core 7735HS - (16 GB/512 ...,"₹64,990",In Stock,Lenovo,4.1,86 Ratings & 11 Reviews,None,None,No,AMD Ryzen 7 Octa Core Processor | 16 GB LPDDR5X RAM | Windows 11 Home Operating System | 512 GB SSD | 33.78 cm (13.3 Inch) Display | 1 Year Onsite Warranty
HP Intel Core i3 13th Gen 1315U - (8 GB/512 GB SSD/Windows 11 Home) 15-fd0568TU Thin and Light Laptop,"₹39,990",In Stock,HP,4.2,124 Ratings & 8 Reviews,None,None,No,Intel Core i3 Processor (13th Gen) | 8 GB DDR4 RAM | Windows 11 Home Operating System | 512 GB SSD | 39.62 cm (15.6 Inch) Display | MS Office Home 2024 + MISC PC Game Pass DA 3M | 1 Year Onsite Warranty
Acer Swift Neo OLED Intel Core Ultra 5 115U - (16 GB/1 TB SSD/Windows 11 Home) SFN14-54H Thin and Ligh...,"₹57,990",In Stock,Acer,4.1,570 Ratings & 45 Reviews,None,None,No,Intel Core Ultra 5 Processor | 16 GB LPDDR5 RAM | 64 bit Windows 11 Home Operating System | 1 TB SSD | 35.56 cm (14 Inch) Display | 1 Year Warranty
Acer Swift Neo OLED Intel Core Ultra 5 115U - (16 GB/512 GB SSD/Windows 11 Home) SFN14-54H Thin and Li...,"₹56,990",In Stock,Acer,4.1,"1,394 Ratings & 130 Reviews",None,None,No,Intel Core Ultra 5 Processor | 16 GB LPDDR5 RAM | 64 bit Windows 11 Home Operating System | 512 GB SSD | 35.56 cm (14 Inch) Display | 1 Year Warranty
"ASUS Vivobook 15 (2025) with Office 2024 + M365 Basic*, Backlit Keyboard, Intel Core i5 13th Gen 1335U...","₹45,990",In Stock,ASUS,4.4,105 Ratings & 4 Reviews,None,None,No,"Intel Core i5 Processor (13th Gen) | 16 GB DDR4 RAM | Windows 11 Home Operating System | 512 GB SSD | 39.62 cm (15.6 Inch) Display | Microsoft Office Home 2024 (Lifetime Validity ) + Microsoft 365 Basic*(1-Year Validity), One-Month Membership of Adobe Creative Cloud All Apps, McAfee 1 year | 1 Year Onsite Warranty"
Samsung Galaxy Book4 Metal Intel Core i5 13th Gen 1335U - (16 GB/512 GB SSD/Windows 11 Home) NP750XGJ ...,"₹50,990",In Stock,Samsung,4.4,"15,581 Ratings & 1,237 Reviews",None,None,No,Intel Core i5 Processor (13th Gen) | 16 GB LPDDR4X RAM | Windows 11 Operating System | 512 GB SSD | 39.62 cm (15.6 Inch) Display | 1 Year Manufacturer Warranty for Laptop and 6 Months for In-Box Accessories
HP Intel Pentium Quad Core N6000 - (8 GB/512 GB SSD/Windows 11 Home) 15s-fq3073TU Thin and Light Lapto...,"₹32,990",In Stock,HP,3.6,26 Ratings & 1 Reviews,None,None,No,Intel Pentium Quad Core Processor | 8 GB DDR4 RAM | Windows 11 Operating System | 512 GB SSD | 39.62 cm (15.6 Inch) Display | 1 Year Onsite warranty
Acer Aspire Lite Intel Core i3 12th Gen 1215U - (16 GB/512 GB SSD/Windows 11 Home) AL15-52 Thin and Li...,"₹33,990",In Stock,Acer,4.1,980 Ratings & 76 Reviews,None,None,No,Intel Core i3 Processor (12th Gen) | 16 GB DDR4 RAM | Windows 11 Operating System | 512 GB SSD | 39.62 cm (15.6 Inch) Display | 1 Year Onsite Warranty
HP 15s Metal Intel Core i3 13th Gen 1315U - (8 GB/512 GB SSD/Windows 11 Home) 15-hr0005TU Thin and Lig...,"₹41,990",In Stock,HP,4.3,38 Ratings & 2 Reviews,None,None,No,Intel Core i3 Processor (13th Gen) | 8 GB DDR4 RAM | Windows 11 Home Operating System | 512 GB SSD | 39.62 cm (15.6 Inch) Display | MS Office Home 2024 + MISC PC Game Pass DA 3M | 1 Year Onsite Warranty
HP Intel Core i7 13th Gen 13620H - (16 GB/512 GB SSD/Windows 11 Home) 15-fr0046TU Thin and Light Lapto...,"₹68,990",In Stock,HP,4.3,755 Ratings & 47 Reviews,None,None,No,Intel Core i7 Processor (13th Gen) | 16 GB DDR4 RAM | Windows 11 Home Operating System | 512 GB SSD | 39.62 cm (15.6 Inch) Display | 1 Year Onsite Warranty
HP Intel Celeron Dual Core N4500 - (8 GB/512 GB SSD/Windows 11 Home) 14s-dq3149TU / 14s-dq3141TU Thin ...,"₹30,800",In Stock,HP,3.8,674 Ratings & 31 Reviews,None,None,No,Intel Celeron Dual Core Processor | 8 GB DDR4 RAM | Windows 11 Home Operating System | 512 GB SSD | 35.56 cm (14 Inch) Display | 1 Year Onsite Warranty
"ASUS Vivobook S14 (2025) with Backlit Keyboard, Metallic Design*, Intel Core Ultra 7 255H - (16 GB/512...","₹82,990",In Stock,ASUS,4.4,21 Ratings & 1 Reviews,None,None,No,"Intel Core Ultra 7 Processor | 16 GB DDR5 RAM | Windows 11 Home Operating System | 512 GB SSD | 35.56 cm (14 Inch) Display | Microsoft Office Home 2024 (Lifetime Validity ) + Microsoft 365 Basic*(1-Year Validity), One-Month Membership of Adobe Creative Cloud All Apps, McAfee 1 year | 1 Year Onsite Warranty"
ASUS ROG Zephyrus M16 with 90Whr Battery Intel Core i9 12th Gen 12900H - (32 GB/2 TB SSD/Windows 11 Ho...,"₹3,27,990",In Stock,ASUS,None,None,None,None,No,Intel Core i9 Processor (12th Gen) | 32 GB DDR5 RAM | 64 bit Windows 11 Operating System | 2 TB SSD | 40.64 cm (16 Inch) Display | 1 Year Onsite Warranty
DELL 15 with Backlit Keyboard Intel Core i5 13th Gen 1334U - (16 GB/512 GB SSD/Windows 11 Home) DC1525...,"₹64,990",In Stock,DELL,None,None,None,None,No,Intel Core i5 Processor (13th Gen) | 16 GB DDR4 RAM | Windows 11 Operating System | 512 GB SSD | 38.1 cm (15 Inch) Display | 1 Year Onsite Warranty
Samsung Galaxy Book4 Edge Series Copilot AI-PC Full Metal Chasis Qualcomm Snapdragon X - (16 GB/512 GB...,"₹59,550",In Stock,Samsung,4.4,"2,345 Ratings & 207 Reviews",None,None,No,Qualcomm Snapdragon X Processor | 16 GB LPDDR5X RAM | 64 bit Windows 11 Operating System | 512 GB SSD | 39.62 cm (15.6 Inch) Display | MS Office Home and Student 2024 | 1 Year Manufacturer Warranty for Laptop and 6 Months for In-Box Accessories
HP MSO 2024 Intel Core i3 13th Gen 1315U - (16 GB/512 GB SSD/Windows 11 Home) 15-fd0574TU / 15 - fd066...,"₹42,990",In Stock,HP,4.2,"2,532 Ratings & 151 Reviews",None,None,No,Intel Core i3 Processor (13th Gen) | 16 GB DDR4 RAM | Windows 11 Home Operating System | 512 GB SSD | 39.62 cm (15.6 Inch) Display | MS Office Home 2024 + MISC PC Game Pass DA 3M | 1 Year Onsite Warranty
Lenovo LOQ Intel Core i5 12th Gen 12450HX - (12 GB/512 GB SSD/Windows 11 Home/4 GB Graphics/NVIDIA GeF...,"₹56,990",In Stock,Lenovo,4.3,"1,992 Ratings & 141 Reviews",None,None,No,Intel Core i5 Processor (12th Gen) | 12 GB DDR5 RAM | Windows 11 Operating System | 512 GB SSD | 39.62 cm (15.6 Inch) Display | 1Yr Warranty and 1 Yr Accidental Damage Protection
MSI Modern 14 Intel Core i5 13th Gen 1334U - (16 GB/512 GB SSD/Windows 11 Home) Modern 14 C13M-116IN T...,"₹47,990",In Stock,MSI,4.2,169 Ratings & 13 Reviews,None,None,No,Intel Core i5 Processor (13th Gen) | 16 GB DDR4 RAM | 64 bit Windows 11 Operating System | 512 GB SSD | 35.56 cm (14 Inch) Display | Microsoft Office Home & Student�2021 | 1 Year On-Site Warranty
ASUS Vivobook Go 15 AMD Ryzen 3 Quad Core 7320U - (8 GB/512 GB SSD/Windows 11 Home) E1504FA-NJ130WS | ...,"₹32,630",In Stock,ASUS,4.3,"1,722 Ratings & 115 Reviews",None,None,No,AMD Ryzen 3 Quad Core Processor | 8 GB LPDDR5 RAM | Windows 11 Home Operating System | 512 GB SSD | 39.62 cm (15.6 Inch) Display | Microsoft Office Home 2024 + Microsoft 365 Basic | 1 Year Onsite Warranty
DELL 15 Intel Core i5 13th Gen - (16 GB/512 GB SSD/Windows 11 Home) Vostro 3530 RPL Laptop,"₹58,990",In Stock,DELL,4.2,713 Ratings & 39 Reviews,None,None,No,"Intel Core i5 Processor (13th Gen) | 16 GB DDR4 RAM | Windows 11 Operating System | 512 GB SSD | 39.62 cm (15.6 Inch) Display | My Dell (Dell Power Manager, Dell Support Assist), Office H&S 2024 | 1 Year Onsite Hardware Service"
HP 15 (2024) AMD Ryzen 3 Quad Core 7320U - (8 GB/512 GB SSD/Windows 11 Home) 15-fc0500AU / 15-fc0154AU...,"₹31,990",In Stock,HP,4.2,"3,392 Ratings & 241 Reviews",None,None,No,AMD Ryzen 3 Quad Core Processor | 8 GB DDR4 RAM | Windows 11 Operating System | 512 GB SSD | 39.62 cm (15.6 Inch) Display | 1 Year Onsite Warranty
Acer Chromebook Intel Celeron Dual Core N4500 - (8 GB/128 GB EMMC Storage/Chrome OS) CB314-3H-C5QE/ CB...,"₹23,990",In Stock,Acer,3.8,"2,681 Ratings & 187 Reviews",None,None,No,Intel Celeron Dual Core Processor | 8 GB LPDDR4X RAM | Chrome Operating System | 39.62 cm (15.6 Inch) Display | 1 Year Onsite Warranty
"ASUS Vivobook Go 15 (2025) with Office 2024 + M365 Basic*, AMD Ryzen 5 Quad Core 7520U - (8 GB/512 GB ...","₹36,990",In Stock,ASUS,4,12 Ratings & 2 Reviews,None,None,No,"AMD Ryzen 5 Quad Core Processor | 8 GB LPDDR5 RAM | Windows 11 Home Operating System | 512 GB SSD | 39.62 cm (15.6 Inch) Display | Microsoft Office Home 2024 (Lifetime Validity ) + Microsoft 365 Basic*(1-Year Validity), McAfee 1 year | 1 Year Onsite Warranty"
Acer Aspire 3 Intel Celeron Dual Core N4500 - (8 GB/256 GB SSD/Windows 11 Home) A325-45 Thin and Light...,"₹26,990",In Stock,Acer,3.9,"1,943 Ratings & 178 Reviews",None,None,No,Intel Celeron Dual Core Processor | 8 GB LPDDR4X RAM | Windows 11 Operating System | 256 GB SSD | 39.62 cm (15.6 Inch) Display | 1 Year Onsite Warranty
Lenovo IdeaPad Slim 3 Next Gen AI PC WUXGA IPS Copilot + PC Qualcomm Snapdragon X - (16 GB/512 GB SSD/...,"₹50,990",In Stock,Lenovo,4.3,595 Ratings & 58 Reviews,None,None,No,Qualcomm Snapdragon X Processor | 16 GB LPDDR5X RAM | Windows 11 Home Operating System | 512 GB SSD | 38.86 cm (15.3 Inch) Display | Office Home 2024 | 1 Year Onsite Warranty
HP 15 Intel Core 3 100U - (8 GB/512 GB SSD/Windows 11 Home) 15-fd1253TU/ 15-fd1225TU Thin and Light La...,"₹39,990",In Stock,HP,4.2,"1,131 Ratings & 63 Reviews",None,None,No,Intel Core 3 Processor | 8 GB DDR4 RAM | Windows 11 Home Operating System | 512 GB SSD | 39.62 cm (15.6 Inch) Display | MS Office Home 2024 + MISC PC Game Pass DA 3M | 1 Year Onsite Warranty
DELL G15 Intel Core i5 13th Gen 13450HX - (16 GB/512 GB SSD/Windows 11 Home/6 GB Graphics/NVIDIA GeFor...,"₹79,990",In Stock,DELL,4.2,452 Ratings & 40 Reviews,None,None,No,"Intel Core i5 Processor (13th Gen) | 16 GB DDR5 RAM | Windows 11 Operating System | 512 GB SSD | 39.62 cm (15.6 Inch) Display | Alienware Command Center,Dell Support Assist) | 1 Year Basic Onsite Service after remote diagnosis with Hardware-Only Support"
Acer Aspire 7 Intel Core i5 13th Gen 13420H - (16 GB/512 GB SSD/Windows 11 Home/6 GB Graphics/NVIDIA G...,"₹62,990",In Stock,Acer,4.3,"3,064 Ratings & 238 Reviews",None,None,No,Intel Core i5 Processor (13th Gen) | 16 GB DDR4 RAM | Windows 11 Operating System | 512 GB SSD | 39.62 cm (15.6 Inch) Display | 1 Year Onsite Warranty
